journee_gaziere,qte_injectee_Mwh
2018-01-01,1057.6410
2018-01-02,1028.2900
2018-01-03,953.2330
2018-01-04,1045.0690
2018-01-05,1071.4630
2018-01-06,1082.4080
2018-01-07,1042.9560
2018-01-08,1011.3060
2018-01-09,1018.2610
2018-01-10,1069.0290
2018-01-11,1137.8560
2018-01-12,1189.1310
2018-01-13,1149.8290
2018-01-14,1128.6060
2018-01-15,1128.4160
2018-01-16,1131.9270
2018-01-17,1159.4890
2018-01-18,1204.0540
2018-01-19,1238.3050
2018-01-20,1180.2000
2018-01-21,1124.8500
2018-01-22,1143.7540
2018-01-23,1158.7810
2018-01-24,1178.0020
2018-01-25,1179.7820
2018-01-26,1156.7610
2018-01-27,1124.3750
2018-01-28,1134.5460
2018-01-29,1200.2920
2018-01-30,1250.0680
2018-01-31,1238.8950
2018-02-01,1266.5530
2018-02-02,1222.2770
2018-02-03,1155.8510
2018-02-04,1118.0920
2018-02-05,1179.8460
2018-02-06,1201.4740
2018-02-07,1225.5250
2018-02-08,1195.7420
2018-02-09,1195.0070
2018-02-10,1209.7290
2018-02-11,1127.3520
2018-02-12,1149.0360
2018-02-13,1145.8600
2018-02-14,1123.1740
2018-02-15,1095.9820
2018-02-16,1125.3460
2018-02-17,1096.6220
2018-02-18,1121.1890
2018-02-19,1083.0710
2018-02-20,1134.0790
2018-02-21,1114.5080
2018-02-22,1136.0560
2018-02-23,1164.3480
2018-02-24,1148.9130
2018-02-25,1035.8090
2018-02-26,1021.6030
2018-02-27,987.0240
2018-02-28,998.3970
2018-03-01,1318.6944
2018-03-02,1320.9381
2018-03-03,1323.1856
2018-03-04,1325.4369
2018-03-05,1327.6921
2018-03-06,1329.9511
2018-03-07,1332.2139
2018-03-08,1334.4806
2018-03-09,1336.7511
2018-03-10,1339.0255
2018-03-11,1341.3038
2018-03-12,1343.5860
2018-03-13,1345.8720
2018-03-14,1348.1619
2018-03-15,1350.4558
2018-03-16,1352.7535
2018-03-17,1355.0551
2018-03-18,1357.3607
2018-03-19,1359.6702
2018-03-20,1361.9836
2018-03-21,1364.3009
2018-03-22,1366.6222
2018-03-23,1368.9474
2018-03-24,1371.2766
2018-03-25,1373.6098
2018-03-26,1375.9469
2018-03-27,1378.2880
2018-03-28,1380.6331
2018-03-29,1382.9821
2018-03-30,1385.3352
2018-03-31,1387.6923
2018-04-01,1269.4880
2018-04-02,1326.5880
2018-04-03,1262.5050
2018-04-04,1282.8770
2018-04-05,1295.0650
2018-04-06,1355.5160
2018-04-07,1308.7100
2018-04-08,1290.7470
2018-04-09,1306.9160
2018-04-10,1354.7370
2018-04-11,1299.7100
2018-04-12,1388.7430
2018-04-13,1398.9550
2018-04-14,1333.7780
2018-04-15,1338.0200
2018-04-16,1314.8200
2018-04-17,1345.8850
2018-04-18,1314.6050
2018-04-19,1327.7260
2018-04-20,1389.4580
2018-04-21,1309.9590
2018-04-22,1296.9040
2018-04-23,1247.0920
2018-04-24,1289.1230
2018-04-25,1391.0800
2018-04-26,1416.9080
2018-04-27,1431.8520
2018-04-28,1384.4980
2018-04-29,1378.3420
2018-04-30,1331.7960
2018-05-01,1380.7860
2018-05-02,1329.9320
2018-05-03,1364.1800
2018-05-04,1343.5020
2018-05-05,1333.4200
2018-05-06,1348.7550
2018-05-07,1365.9210
2018-05-08,1340.6510
2018-05-09,1341.9140
2018-05-10,1301.4460
2018-05-11,1347.9200
2018-05-12,1338.5220
2018-05-13,1356.1410
2018-05-14,1319.4380
2018-05-15,1273.8940
2018-05-16,1345.1610
2018-05-17,1428.1390
2018-05-18,1474.7720
2018-05-19,1505.2410
2018-05-20,1447.4350
2018-05-21,1410.4030
2018-05-22,1340.4170
2018-05-23,1399.9990
2018-05-24,1398.4610
2018-05-25,1439.5050
2018-05-26,1339.4290
2018-05-27,1271.4220
2018-05-28,1361.5160
2018-05-29,1462.9000
2018-05-30,1447.8390
2018-05-31,1410.1560
2018-06-01,1460.5450
2018-06-02,1363.0420
2018-06-03,1327.0700
2018-06-04,1310.5690
2018-06-05,1235.6470
2018-06-06,1259.8930
2018-06-07,1297.6010
2018-06-08,1356.5190
2018-06-09,1325.5010
2018-06-10,1321.6440
2018-06-11,1350.3730
2018-06-12,1319.5500
2018-06-13,1366.8740
2018-06-14,1378.4400
2018-06-15,1337.1630
2018-06-16,1334.2300
2018-06-17,1332.8050
2018-06-18,1291.1330
2018-06-19,1158.7650
2018-06-20,1246.6070
2018-06-21,1331.5240
2018-06-22,1409.4760
2018-06-23,1434.0720
2018-06-24,1392.5950
2018-06-25,1354.2640
2018-06-26,1356.3830
2018-06-27,1355.6770
2018-06-28,1422.2950
2018-06-29,1432.9720
2018-06-30,1188.3540
2018-07-01,1179.0930
2018-07-02,1255.3940
2018-07-03,1280.0840
2018-07-04,1302.0570
2018-07-05,1351.1720
2018-07-06,1407.8220
2018-07-07,1463.7110
2018-07-08,1417.7400
2018-07-09,1471.3880
2018-07-10,1394.0500
2018-07-11,1529.5130
2018-07-12,1481.9040
2018-07-13,1474.8510
2018-07-14,1406.2440
2018-07-15,1286.7990
2018-07-16,1305.8020
2018-07-17,1427.5440
2018-07-18,1473.4030
2018-07-19,1344.2890
2018-07-20,1411.8370
2018-07-21,1348.8620
2018-07-22,1278.0240
2018-07-23,1344.8070
2018-07-24,1339.2640
2018-07-25,1431.0320
2018-07-26,1448.6030
2018-07-27,1407.5050
2018-07-28,1518.3770
2018-07-29,1466.0480
2018-07-30,1521.5650
2018-07-31,1402.7530
2018-08-01,1392.5600
2018-08-02,1453.8450
2018-08-03,1517.9850
2018-08-04,1437.7480
2018-08-05,1443.4860
2018-08-06,1447.2730
2018-08-07,1401.0490
2018-08-08,1476.1170
2018-08-09,1551.9570
2018-08-10,1457.0620
2018-08-11,1477.3810
2018-08-12,1405.4020
2018-08-13,1381.7490
2018-08-14,1482.3440
2018-08-15,1519.3020
2018-08-16,1448.9680
2018-08-17,1537.4610
2018-08-18,1502.1600
2018-08-19,1388.7180
2018-08-20,1440.5290
2018-08-21,1530.8770
2018-08-22,1520.0300
2018-08-23,1586.7740
2018-08-24,1565.1630
2018-08-25,1529.6290
2018-08-26,1546.9030
2018-08-27,1525.3530
2018-08-28,1508.7220
2018-08-29,1515.5370
2018-08-30,1449.2360
2018-08-31,1552.4140
2018-09-01,1549.9150
2018-09-02,1536.9190
2018-09-03,1502.9890
2018-09-04,1540.0090
2018-09-05,1498.1350
2018-09-06,1516.1200
2018-09-07,1560.3200
2018-09-08,1529.7110
2018-09-09,1495.9200
2018-09-10,1528.7020
2018-09-11,1489.5160
2018-09-12,1487.7360
2018-09-13,1563.2740
2018-09-14,1563.0980
2018-09-15,1568.6760
2018-09-16,1523.8170
2018-09-17,1512.8110
2018-09-18,1455.7450
2018-09-19,1507.9700
2018-09-20,1581.0260
2018-09-21,1579.8020
2018-09-22,1600.0360
2018-09-23,1430.1490
2018-09-24,1498.6430
2018-09-25,1485.7110
2018-09-26,1551.4430
2018-09-27,1640.9580
2018-09-28,1676.2360
2018-09-29,1610.3500
2018-09-30,1541.4230
2018-10-01,1592.2790
2018-10-02,1726.3940
2018-10-03,1721.7170
2018-10-04,1808.9020
2018-10-05,1778.1190
2018-10-06,1830.5170
2018-10-07,1774.4910
2018-10-08,1739.5690
2018-10-09,1820.2260
2018-10-10,1844.8370
2018-10-11,1782.7170
2018-10-12,1827.2100
2018-10-13,1863.4350
2018-10-14,1810.9890
2018-10-15,1752.6310
2018-10-16,1778.0360
2018-10-17,1806.3260
2018-10-18,1895.8720
2018-10-19,1808.3140
2018-10-20,1843.5040
2018-10-21,1815.0090
2018-10-22,1730.3480
2018-10-23,1768.5750
2018-10-24,1860.0380
2018-10-25,1865.1630
2018-10-26,1895.5760
2018-10-27,1855.6830
2018-10-28,1661.0000
2018-10-29,1681.7200
2018-10-30,1698.7510
2018-10-31,1764.6410
2018-11-01,1805.1400
2018-11-02,1770.8160
2018-11-03,1748.0020
2018-11-04,1708.5390
2018-11-05,1692.1130
2018-11-06,1667.8500
2018-11-07,1757.2630
2018-11-08,1859.8170
2018-11-09,1913.2070
2018-11-10,1897.2140
2018-11-11,1818.3630
2018-11-12,1834.8010
2018-11-13,1829.3570
2018-11-14,1797.9700
2018-11-15,1762.9500
2018-11-16,1900.3390
2018-11-17,1881.6090
2018-11-18,1818.0390
2018-11-19,1811.1190
2018-11-20,1754.3440
2018-11-21,1843.1310
2018-11-22,1801.9200
2018-11-23,1759.0510
2018-11-24,1790.3600
2018-11-25,1759.2760
2018-11-26,1732.9950
2018-11-27,1801.1860
2018-11-28,1814.6440
2018-11-29,1821.7390
2018-11-30,1852.1950
2018-12-01,1937.2700
2018-12-02,1831.4080
2018-12-03,1746.0620
2018-12-04,1826.8490
2018-12-05,1849.8560
2018-12-06,1930.5730
2018-12-07,1827.4870
2018-12-08,1778.6640
2018-12-09,1795.9500
2018-12-10,1802.5590
2018-12-11,1803.4900
2018-12-12,1913.0880
2018-12-13,1949.5780
2018-12-14,1895.1670
2018-12-15,1867.7050
2018-12-16,1853.3530
2018-12-17,1813.5940
2018-12-18,1960.9930
2018-12-19,1955.5330
2018-12-20,1999.9100
2018-12-21,2089.5930
2018-12-22,2098.3750
2018-12-23,2035.9970
2018-12-24,1958.7170
2018-12-25,1946.7240
2018-12-26,1969.5620
2018-12-27,2017.4370
2018-12-28,1930.4510
2018-12-29,1957.5450
2018-12-30,1984.1290
2018-12-31,1943.1270
2019-01-01,1899.2110
2019-01-02,1911.6880
2019-01-03,2075.7850
2019-01-04,2100.9020
2019-01-05,2048.9360
2019-01-06,2039.8880
2019-01-07,1994.6610
2019-01-08,2011.7180
2019-01-09,1974.6470
2019-01-10,1925.8750
2019-01-11,2036.6610
2019-01-12,2056.9310
2019-01-13,2048.0640
2019-01-14,1950.3720
2019-01-15,2027.5370
2019-01-16,2089.1440
2019-01-17,2018.4900
2019-01-18,2033.0090
2019-01-19,1943.6810
2019-01-20,1864.3340
2019-01-21,1943.5330
2019-01-22,1984.6080
2019-01-23,2068.4700
2019-01-24,2061.0270
2019-01-25,2094.3980
2019-01-26,2151.0650
2019-01-27,2077.0330
2019-01-28,2057.4700
2019-01-29,1968.7910
2019-01-30,2013.0030
2019-01-31,2027.3160
2019-02-01,2149.1360
2019-02-02,2041.7130
2019-02-03,1896.1270
2019-02-04,1915.1310
2019-02-05,1946.7630
2019-02-06,2036.2440
2019-02-07,2095.2240
2019-02-08,2193.4150
2019-02-09,2057.2540
2019-02-10,1920.4710
2019-02-11,1962.6210
2019-02-12,2046.4790
2019-02-13,2004.6150
2019-02-14,2029.4700
2019-02-15,2148.6670
2019-02-16,2158.3120
2019-02-17,2108.6840
2019-02-18,2115.6940
2019-02-19,2145.4910
2019-02-20,2093.5980
2019-02-21,2101.7020
2019-02-22,2149.1860
2019-02-23,2145.5830
2019-02-24,2079.2640
2019-02-25,2050.0080
2019-02-26,2070.4440
2019-02-27,2024.6820
2019-02-28,2083.9480
2019-03-01,2310.2270
2019-03-02,2292.2780
2019-03-03,2329.1550
2019-03-04,2231.3170
2019-03-05,2251.4210
2019-03-06,2247.5310
2019-03-07,2169.8500
2019-03-08,2378.9490
2019-03-09,2409.8070
2019-03-10,2206.5380
2019-03-11,2251.1390
2019-03-12,2252.3190
2019-03-13,2257.8130
2019-03-14,2302.5260
2019-03-15,2245.8860
2019-03-16,2375.3270
2019-03-17,2255.0550
2019-03-18,2274.2020
2019-03-19,2288.7170
2019-03-20,2281.0460
2019-03-21,2253.9210
2019-03-22,2328.2470
2019-03-23,2298.5050
2019-03-24,2277.6010
2019-03-25,2248.1340
2019-03-26,2242.2880
2019-03-27,2218.2560
2019-03-28,2149.9880
2019-03-29,2275.7140
2019-03-30,2171.8380
2019-03-31,2179.0780
2019-04-01,2261.2030
2019-04-02,2308.2520
2019-04-03,2306.6440
2019-04-04,2385.6600
2019-04-05,2460.8650
2019-04-06,2403.1330
2019-04-07,2279.7700
2019-04-08,2352.7030
2019-04-09,2293.6860
2019-04-10,2272.9080
2019-04-11,2375.6790
2019-04-12,2460.7590
2019-04-13,2388.6220
2019-04-14,2295.6240
2019-04-15,2404.1220
2019-04-16,2385.9780
2019-04-17,2465.4660
2019-04-18,2460.7020
2019-04-19,2441.4840
2019-04-20,2409.6440
2019-04-21,2438.7430
2019-04-22,2472.9840
2019-04-23,2361.2840
2019-04-24,2254.6030
2019-04-25,2386.9570
2019-04-26,2384.7840
2019-04-27,2353.7890
2019-04-28,2312.8830
2019-04-29,2254.2480
2019-04-30,2325.9390
2019-05-01,2422.5200
2019-05-02,2433.4410
2019-05-03,2491.7870
2019-05-04,2333.6840
2019-05-05,2367.5510
2019-05-06,2325.8720
2019-05-07,2416.5030
2019-05-08,2375.7840
2019-05-09,2384.5240
2019-05-10,2436.0280
2019-05-11,2315.9080
2019-05-12,2262.7800
2019-05-13,2356.5310
2019-05-14,2376.0210
2019-05-15,2349.4970
2019-05-16,2408.1410
2019-05-17,2442.2850
2019-05-18,2481.3980
2019-05-19,2428.8040
2019-05-20,2367.1670
2019-05-21,2370.9600
2019-05-22,2324.2320
2019-05-23,2394.6510
2019-05-24,2462.7320
2019-05-25,2354.4560
2019-05-26,2330.7790
2019-05-27,2365.9420
2019-05-28,2294.0000
2019-05-29,2395.9110
2019-05-30,2416.4870
2019-05-31,2409.7220
2019-06-01,2417.5470
2019-06-02,2324.6190
2019-06-03,2385.2530
2019-06-04,2382.4390
2019-06-05,2376.8920
2019-06-06,2476.1140
2019-06-07,2427.4810
2019-06-08,2447.8750
2019-06-09,2435.3220
2019-06-10,2384.2920
2019-06-11,2377.0400
2019-06-12,2391.1320
2019-06-13,2303.6360
2019-06-14,2331.4110
2019-06-15,2251.6430
2019-06-16,2317.4330
2019-06-17,2312.5500
2019-06-18,2246.7040
2019-06-19,2173.5290
2019-06-20,2324.8360
2019-06-21,2454.0560
2019-06-22,2407.2700
2019-06-23,2260.0160
2019-06-24,2265.3240
2019-06-25,2230.8030
2019-06-26,2135.1330
2019-06-27,2071.6240
2019-06-28,2142.1120
2019-06-29,2072.3920
2019-06-30,1964.9650
2019-07-01,2110.3720
2019-07-02,2177.0060
2019-07-03,2362.4830
2019-07-04,2264.5490
2019-07-05,2420.9470
2019-07-06,2258.5080
2019-07-07,2205.1250
2019-07-08,2267.8300
2019-07-09,2185.3250
2019-07-10,2303.1350
2019-07-11,2310.9860
2019-07-12,2405.4220
2019-07-13,2373.6700
2019-07-14,2290.4300
2019-07-15,2299.2780
2019-07-16,2404.3180
2019-07-17,2411.1750
2019-07-18,2451.1590
2019-07-19,2511.3890
2019-07-20,2428.8560
2019-07-21,2248.1320
2019-07-22,2319.3680
2019-07-23,2164.8910
2019-07-24,2212.1850
2019-07-25,1991.0350
2019-07-26,2203.1840
2019-07-27,2348.0930
2019-07-28,2309.8500
2019-07-29,2331.8650
2019-07-30,2285.3930
2019-07-31,2354.5030
2019-08-01,2373.1240
2019-08-02,2418.3450
2019-08-03,2272.5510
2019-08-04,2218.2280
2019-08-05,2218.1070
2019-08-06,2377.1040
2019-08-07,2468.3350
2019-08-08,2498.6130
2019-08-09,2531.3770
2019-08-10,2459.3000
2019-08-11,2375.7810
2019-08-12,2413.2560
2019-08-13,2519.1510
2019-08-14,2570.0100
2019-08-15,2590.6010
2019-08-16,2691.2080
2019-08-17,2543.3170
2019-08-18,2485.2930
2019-08-19,2462.6810
2019-08-20,2424.8290
2019-08-21,2526.3380
2019-08-22,2651.2670
2019-08-23,2748.1750
2019-08-24,2600.3120
2019-08-25,2570.0390
2019-08-26,2610.5350
2019-08-27,2630.7040
2019-08-28,2717.9430
2019-08-29,2753.1750
2019-08-30,2790.9480
2019-08-31,2608.2610
2019-09-01,2557.6740
2019-09-02,2727.5290
2019-09-03,2673.4110
2019-09-04,2770.9990
2019-09-05,2886.1290
2019-09-06,2967.4570
2019-09-07,2797.6920
2019-09-08,2739.7950
2019-09-09,2807.1020
2019-09-10,2815.4550
2019-09-11,2856.4280
2019-09-12,2939.7260
2019-09-13,3005.9850
2019-09-14,2860.8030
2019-09-15,2882.0170
2019-09-16,2866.7880
2019-09-17,2922.6940
2019-09-18,3020.1940
2019-09-19,3025.8600
2019-09-20,3084.5470
2019-09-21,2998.1510
2019-09-22,2796.8430
2019-09-23,2886.9970
2019-09-24,2984.4020
2019-09-25,2924.3050
2019-09-26,2994.1750
2019-09-27,3139.9180
2019-09-28,3116.6700
2019-09-29,2952.0830
2019-09-30,2906.4550
2019-10-01,3009.9720
2019-10-02,2820.3660
2019-10-03,2770.1460
2019-10-04,3080.3510
2019-10-05,3119.8780
2019-10-06,3133.2980
2019-10-07,3127.7440
2019-10-08,2977.2050
2019-10-09,3056.3680
2019-10-10,3097.8640
2019-10-11,3172.0660
2019-10-12,3029.4350
2019-10-13,2959.8630
2019-10-14,2985.9830
2019-10-15,2977.9320
2019-10-16,3147.9220
2019-10-17,3133.3290
2019-10-18,3103.8060
2019-10-19,3173.0450
2019-10-20,3028.7940
2019-10-21,3026.3320
2019-10-22,3009.9830
2019-10-23,3068.8360
2019-10-24,3037.6020
2019-10-25,3046.1880
2019-10-26,3229.5010
2019-10-27,2892.8280
2019-10-28,2812.9950
2019-10-29,2962.4320
2019-10-30,3089.3090
2019-10-31,3142.5200
2019-11-01,3116.9290
2019-11-02,3000.0610
2019-11-03,2844.4490
2019-11-04,2787.4650
2019-11-05,2884.9560
2019-11-06,2931.5790
2019-11-07,3021.5440
2019-11-08,3033.8750
2019-11-09,3065.2980
2019-11-10,2983.0450
2019-11-11,2980.3900
2019-11-12,3067.9930
2019-11-13,3091.7790
2019-11-14,3041.0530
2019-11-15,3028.6780
2019-11-16,3112.3780
2019-11-17,3068.1720
2019-11-18,3014.0480
2019-11-19,2999.7620
2019-11-20,3094.1160
2019-11-21,3234.3560
2019-11-22,3307.8990
2019-11-23,3208.9010
2019-11-24,3072.7440
2019-11-25,3079.2390
2019-11-26,3135.2830
2019-11-27,3151.5310
2019-11-28,3080.1530
2019-11-29,3113.8230
2019-11-30,3137.4840
2019-12-01,3232.7260
2019-12-02,3152.6700
2019-12-03,3129.7850
2019-12-04,3087.7940
2019-12-05,3184.5760
2019-12-06,3325.9220
2019-12-07,3318.5360
2019-12-08,3229.2640
2019-12-09,3222.8680
2019-12-10,3352.4360
2019-12-11,3304.7600
2019-12-12,3309.1300
2019-12-13,3362.2190
2019-12-14,3355.6960
2019-12-15,3401.7740
2019-12-16,3500.3870
2019-12-17,3475.4450
2019-12-18,3486.9380
2019-12-19,3387.9030
2019-12-20,3493.6450
2019-12-21,3528.9150
2019-12-22,3434.0440
2019-12-23,3451.4970
2019-12-24,3442.0430
2019-12-25,3393.6660
2019-12-26,3491.7960
2019-12-27,3422.8580
2019-12-28,3493.1160
2019-12-29,3262.8130
2019-12-30,3189.0840
2019-12-31,3261.8460
2020-01-01,3324.2960
2020-01-02,3435.0640
2020-01-03,3511.1850
2020-01-04,3497.8220
2020-01-05,3506.8880
2020-01-06,3515.0930
2020-01-07,3434.7400
2020-01-08,3561.9580
2020-01-09,3564.5380
2020-01-10,3596.1820
2020-01-11,3488.6120
2020-01-12,3443.1280
2020-01-13,3393.3430
2020-01-14,3447.1870
2020-01-15,3448.1170
2020-01-16,3555.1750
2020-01-17,3599.1630
2020-01-18,3671.9770
2020-01-19,3582.2360
2020-01-20,3563.3260
2020-01-21,3463.6810
2020-01-22,3587.1230
2020-01-23,3586.8490
2020-01-24,3679.2080
2020-01-25,3683.3060
2020-01-26,3499.2770
2020-01-27,3448.3670
2020-01-28,3524.6090
2020-01-29,3740.9130
2020-01-30,3656.8980
2020-01-31,3516.5440
2020-02-01,3672.0510
2020-02-02,3595.7220
2020-02-03,3569.3940
2020-02-04,3551.5560
2020-02-05,3537.9680
2020-02-06,3556.0990
2020-02-07,3783.6260
2020-02-08,3703.3780
2020-02-09,3358.9240
2020-02-10,3299.6670
2020-02-11,3564.2340
2020-02-12,3485.0690
2020-02-13,3480.6650
2020-02-14,3720.6040
2020-02-15,3845.1970
2020-02-16,3598.9060
2020-02-17,3613.3030
2020-02-18,3775.2220
2020-02-19,3902.7870
2020-02-20,3773.8410
2020-02-21,3878.2000
2020-02-22,3997.8670
2020-02-23,3855.8370
2020-02-24,3869.3520
2020-02-25,3812.8020
2020-02-26,3829.1800
2020-02-27,3768.9660
2020-02-28,4076.7910
2020-02-29,3975.0810
2020-03-01,3742.3710
2020-03-02,3721.0760
2020-03-03,3753.7970
2020-03-04,3934.9390
2020-03-05,3824.9980
2020-03-06,3735.9680
2020-03-07,3969.3310
2020-03-08,3907.7910
2020-03-09,3875.7760
2020-03-10,3900.2800
2020-03-11,3896.5080
2020-03-12,4000.0440
2020-03-13,4148.1440
2020-03-14,4201.4950
2020-03-15,4120.6970
2020-03-16,4050.9280
2020-03-17,4030.5200
2020-03-18,4192.0700
2020-03-19,4188.7160
2020-03-20,4248.3340
2020-03-21,4229.2950
2020-03-22,4109.2220
2020-03-23,4084.5350
2020-03-24,4131.4290
2020-03-25,4153.8790
2020-03-26,4035.2710
2020-03-27,3999.9090
2020-03-28,3873.2660
2020-03-29,4018.7800
2020-03-30,4046.5940
2020-03-31,3955.3110
2020-04-01,4138.2450
2020-04-02,4141.6240
2020-04-03,4110.4250
2020-04-04,4236.1800
2020-04-05,4118.3170
2020-04-06,4107.0220
2020-04-07,4142.0030
2020-04-08,4201.2020
2020-04-09,4178.1870
2020-04-10,4158.3310
2020-04-11,4044.4870
2020-04-12,3992.9200
2020-04-13,4081.0940
2020-04-14,4103.6880
2020-04-15,4158.4460
2020-04-16,4137.6940
2020-04-17,4201.0070
2020-04-18,4029.2390
2020-04-19,3988.2080
2020-04-20,4131.6670
2020-04-21,4195.7960
2020-04-22,4282.7970
2020-04-23,4240.1130
2020-04-24,4246.3050
2020-04-25,4138.1610
2020-04-26,4168.5220
2020-04-27,4177.1080
2020-04-28,4246.1880
2020-04-29,4060.9230
2020-04-30,4104.7280
2020-05-01,4203.7980
2020-05-02,4161.8710
2020-05-03,4124.4680
2020-05-04,4047.2840
2020-05-05,4079.8500
2020-05-06,4070.0360
2020-05-07,4138.3620
2020-05-08,4145.3830
2020-05-09,4022.9140
2020-05-10,3937.9820
2020-05-11,3856.1820
2020-05-12,3858.8520
2020-05-13,3899.6690
2020-05-14,4050.5230
2020-05-15,4143.9710
2020-05-16,4019.2400
2020-05-17,4018.5920
2020-05-18,4001.3940
2020-05-19,3962.4100
2020-05-20,4120.0040
2020-05-21,4096.9610
2020-05-22,4230.8670
2020-05-23,4071.2710
2020-05-24,3965.6210
2020-05-25,3988.2420
2020-05-26,4106.0960
2020-05-27,4062.0350
2020-05-28,4037.4170
2020-05-29,4256.1980
2020-05-30,4158.8420
2020-05-31,4022.8870
2020-06-01,4293.1840
2020-06-02,4238.8520
2020-06-03,4337.1570
2020-06-04,4415.8980
2020-06-05,4529.1520
2020-06-06,4384.9460
2020-06-07,4209.6980
2020-06-08,4190.1010
2020-06-09,4090.6470
2020-06-10,4314.6030
2020-06-11,4381.5480
2020-06-12,4340.3150
2020-06-13,4176.2320
2020-06-14,4148.7270
2020-06-15,4241.9560
2020-06-16,4178.4080
2020-06-17,4198.7010
2020-06-18,4174.9390
2020-06-19,4339.9360
2020-06-20,4391.0830
2020-06-21,4219.2350
2020-06-22,4282.7970
2020-06-23,4117.0100
2020-06-24,4092.6930
2020-06-25,4034.3180
2020-06-26,4173.7550
2020-06-27,4209.2480
2020-06-28,4160.8190
2020-06-29,4319.5600
2020-06-30,4364.8710
2020-07-01,4605.9060
2020-07-02,4589.4940
2020-07-03,4667.0980
2020-07-04,4515.8360
2020-07-05,4520.7670
2020-07-06,4518.7930
2020-07-07,4496.2090
2020-07-08,4470.9410
2020-07-09,4497.8800
2020-07-10,4480.3320
2020-07-11,4460.8970
2020-07-12,4381.0680
2020-07-13,4522.5050
2020-07-14,4420.8510
2020-07-15,4470.5050
2020-07-16,4457.0150
2020-07-17,4597.3990
2020-07-18,4444.2480
2020-07-19,4383.6840
2020-07-20,4395.0890
2020-07-21,4435.6590
2020-07-22,4477.4470
2020-07-23,4610.1020
2020-07-24,4660.8980
2020-07-25,4416.4060
2020-07-26,4267.1400
2020-07-27,4425.3850
2020-07-28,4450.4200
2020-07-29,4625.4740
2020-07-30,4498.2610
2020-07-31,4360.8910
2020-08-01,4530.8980
2020-08-02,4497.7450
2020-08-03,4646.0140
2020-08-04,4562.7500
2020-08-05,4692.5830
2020-08-06,4637.4870
2020-08-07,4734.4250
2020-08-08,4501.4450
2020-08-09,4197.7180
2020-08-10,4403.6870
2020-08-11,4271.4340
2020-08-12,4242.8020
2020-08-13,4600.0130
2020-08-14,4677.5550
2020-08-15,4261.7160
2020-08-16,4243.0610
2020-08-17,4619.8900
2020-08-18,4765.2490
2020-08-19,4682.1400
2020-08-20,4758.3890
2020-08-21,4733.4000
2020-08-22,4606.3590
2020-08-23,4432.3790
2020-08-24,4595.2300
2020-08-25,4731.8030
2020-08-26,4897.2850
2020-08-27,4909.0030
2020-08-28,4841.8280
2020-08-29,4702.2320
2020-08-30,4670.1330
2020-08-31,4801.8500
2020-09-01,4794.2090
2020-09-02,4751.8680
2020-09-03,4944.3250
2020-09-04,5011.9190
2020-09-05,4900.0770
2020-09-06,4694.5150
2020-09-07,4920.5800
2020-09-08,4906.2490
2020-09-09,5012.7720
2020-09-10,5126.6700
2020-09-11,5024.5770
2020-09-12,4750.0400
2020-09-13,4690.0900
2020-09-14,4845.4510
2020-09-15,4773.1000
2020-09-16,4820.5560
2020-09-17,5118.2690
2020-09-18,5253.0160
2020-09-19,4924.7800
2020-09-20,4869.1270
2020-09-21,5003.5180
2020-09-22,4844.0000
2020-09-23,4960.8030
2020-09-24,5001.6990
2020-09-25,5006.1290
2020-09-26,5006.3060
2020-09-27,4989.1630
2020-09-28,5005.8100
2020-09-29,4966.5640
2020-09-30,5133.0640
2020-10-01,5248.4750
2020-10-02,5324.2200
2020-10-03,5260.3740
2020-10-04,5142.6830
2020-10-05,5311.6440
2020-10-06,5381.4320
2020-10-07,5301.5090
2020-10-08,5512.9010
2020-10-09,5517.4990
2020-10-10,5466.0020
2020-10-11,5305.6100
2020-10-12,5503.2380
2020-10-13,5502.3880
2020-10-14,5650.9910
2020-10-15,5660.8130
2020-10-16,5918.7690
2020-10-17,5775.3580
2020-10-18,5653.3850
2020-10-19,5803.2480
2020-10-20,5804.3930
2020-10-21,5899.8220
2020-10-22,5992.6650
2020-10-23,5985.2720
2020-10-24,6193.8820
2020-10-25,5638.0820
2020-10-26,5622.9620
2020-10-27,5653.8240
2020-10-28,5657.1710
2020-10-29,5613.9080
2020-10-30,5701.0120
2020-10-31,5827.7420
2020-11-01,5725.1560
2020-11-02,5647.0590
2020-11-03,5713.1940
2020-11-04,5748.1030
2020-11-05,5944.1610
2020-11-06,6099.4280
2020-11-07,6139.3980
2020-11-08,6023.1770
2020-11-09,5977.6940
2020-11-10,6078.8220
2020-11-11,6198.6020
2020-11-12,6014.4050
2020-11-13,6240.0010
2020-11-14,6284.4070
2020-11-15,6082.3890
2020-11-16,6176.0590
2020-11-17,6083.2900
2020-11-18,6119.1290
2020-11-19,6258.2970
2020-11-20,6273.8250
2020-11-21,6229.1850
2020-11-22,6207.4800
2020-11-23,6194.3430
2020-11-24,6331.2470
2020-11-25,6302.2070
2020-11-26,6504.3660
2020-11-27,6550.8570
2020-11-28,6337.8360
2020-11-29,6062.3580
2020-11-30,5848.0760
2020-12-01,6328.5240
2020-12-02,6377.3310
2020-12-03,6502.7800
2020-12-04,6502.0140
2020-12-05,6354.0600
2020-12-06,6209.7520
2020-12-07,6138.9750
2020-12-08,5948.5570
2020-12-09,6150.3070
2020-12-10,6314.5350
2020-12-11,6515.7940
2020-12-12,6675.1430
2020-12-13,6491.1450
2020-12-14,6430.6880
2020-12-15,6672.3460
2020-12-16,6794.4370
2020-12-17,6757.4980
2020-12-18,6984.8610
2020-12-19,7099.5490
2020-12-20,6891.0760
2020-12-21,6991.4490
2020-12-22,7056.8060
2020-12-23,7059.2760
2020-12-24,7024.8010
2020-12-25,6780.3910
2020-12-26,6694.7940
2020-12-27,6385.9880
2020-12-28,6553.6530
2020-12-29,6804.6440
2020-12-30,6794.2740
2020-12-31,6867.9030
2021-01-01,6519.2900
2021-01-02,6400.4180
2021-01-03,6498.4800
2021-01-04,6580.8220
2021-01-05,6736.8890
2021-01-06,6784.9210
2021-01-07,6952.6760
2021-01-08,6793.5890
2021-01-09,6642.4280
2021-01-10,6531.9260
2021-01-11,6657.9660
2021-01-12,6866.2230
2021-01-13,7182.5000
2021-01-14,7146.7200
2021-01-15,7166.6380
2021-01-16,7047.0700
2021-01-17,6857.4880
2021-01-18,6842.8490
2021-01-19,6954.4300
2021-01-20,7000.7040
2021-01-21,6933.4180
2021-01-22,7137.5010
2021-01-23,7029.0480
2021-01-24,6746.2290
2021-01-25,6711.9590
2021-01-26,6931.2620
2021-01-27,6916.4100
2021-01-28,7028.0060
2021-01-29,7129.9660
2021-01-30,6926.9030
2021-01-31,6626.4120
2021-02-01,6816.6140
2021-02-02,6985.7810
2021-02-03,7044.7370
2021-02-04,7165.0410
2021-02-05,7386.1630
2021-02-06,7360.6740
2021-02-07,7025.1520
2021-02-08,6658.3950
2021-02-09,6677.8200
2021-02-10,6378.6210
2021-02-11,6446.4260
2021-02-12,6640.3650
2021-02-13,6610.9200
2021-02-14,6607.8710
2021-02-15,6859.0630
2021-02-16,6948.5020
2021-02-17,7191.2580
2021-02-18,7360.5030
2021-02-19,7376.5390
2021-02-20,7256.8410
2021-02-21,7260.7580
2021-02-22,7244.6300
2021-02-23,7297.3570
2021-02-24,7207.7640
2021-02-25,7262.0790
2021-02-26,7313.4880
2021-02-27,7204.0900
2021-02-28,7051.1490
2021-03-01,7287.6990
2021-03-02,7427.3160
2021-03-03,7610.4730
2021-03-04,7833.0670
2021-03-05,7719.4740
2021-03-06,7741.3940
2021-03-07,7500.3470
2021-03-08,7544.5780
2021-03-09,7564.1560
2021-03-10,7925.0560
2021-03-11,7782.7890
2021-03-12,8021.1030
2021-03-13,7789.8940
2021-03-14,7761.6130
2021-03-15,7889.2890
2021-03-16,7948.9110
2021-03-17,7874.4700
2021-03-18,7918.2490
2021-03-19,8215.2960
2021-03-20,7927.4290
2021-03-21,7748.1710
2021-03-22,7855.6400
2021-03-23,7820.7960
2021-03-24,7847.4890
2021-03-25,7911.6340
2021-03-26,8014.9290
2021-03-27,7720.2620
2021-03-28,7833.0920
2021-03-29,7915.4560
2021-03-30,7665.5920
2021-03-31,7650.3640
2021-04-01,7944.4530
2021-04-02,8015.9740
2021-04-03,8116.9640
2021-04-04,7967.6920
2021-04-05,7809.1530
2021-04-06,7802.4570
2021-04-07,7915.1700
2021-04-08,8143.0720
2021-04-09,8110.5810
2021-04-10,7834.1540
2021-04-11,7756.5220
2021-04-12,7797.5870
2021-04-13,7884.8910
2021-04-14,8030.2630
2021-04-15,8003.4350
2021-04-16,8106.5570
2021-04-17,8175.6140
2021-04-18,7898.0080
2021-04-19,7850.5190
2021-04-20,7942.2120
2021-04-21,7994.4740
2021-04-22,7978.5740
2021-04-23,8085.0990
2021-04-24,7949.2580
2021-04-25,7770.7400
2021-04-26,7784.4390
2021-04-27,7722.0980
2021-04-28,7703.9360
2021-04-29,7744.7530
2021-04-30,7831.7680
2021-05-01,8268.9490
2021-05-02,8004.9020
2021-05-03,8091.1870
2021-05-04,8209.9430
2021-05-05,8076.1690
2021-05-06,8232.3080
2021-05-07,8309.3130
2021-05-08,8077.5550
2021-05-09,7870.6520
2021-05-10,8127.8980
2021-05-11,8191.1730
2021-05-12,8437.2170
2021-05-13,8215.6090
2021-05-14,8276.3260
2021-05-15,8258.5890
2021-05-16,8020.2290
2021-05-17,7797.0360
2021-05-18,7864.1070
2021-05-19,7925.6760
2021-05-20,8194.3040
2021-05-21,8401.5730
2021-05-22,8396.0900
2021-05-23,8318.2230
2021-05-24,8166.5470
2021-05-25,8190.2450
2021-05-26,8249.2040
2021-05-27,8314.3800
2021-05-28,8461.7970
2021-05-29,8169.8570
2021-05-30,7782.3120
2021-05-31,7642.5420
2021-06-01,8072.2470
2021-06-02,8167.0500
2021-06-03,8236.8270
2021-06-04,8360.3400
2021-06-05,8323.2050
2021-06-06,8374.8110
2021-06-07,8404.8100
2021-06-08,8334.4470
2021-06-09,8595.6410
2021-06-10,8822.2890
2021-06-11,8937.2340
2021-06-12,8598.3560
2021-06-13,8318.6430
2021-06-14,8650.3810
2021-06-15,8724.7990
2021-06-16,8652.9680
2021-06-17,8812.1640
2021-06-18,8924.0490
2021-06-19,8479.6580
2021-06-20,8366.1650
2021-06-21,8845.9770
2021-06-22,8786.4510
2021-06-23,9109.1970
2021-06-24,9008.6670
2021-06-25,9104.0200
2021-06-26,8541.8360
2021-06-27,8542.1420
2021-06-28,9000.2350
2021-06-29,8905.3170
2021-06-30,8992.5220
2021-07-01,8972.9110
2021-07-02,9233.6890
2021-07-03,8811.8370
2021-07-04,8543.7640
2021-07-05,9095.5040
2021-07-06,9246.2320
2021-07-07,9263.0000
2021-07-08,9494.1130
2021-07-09,9560.7740
2021-07-10,9182.3250
2021-07-11,8851.8890
2021-07-12,9321.9410
2021-07-13,9482.0440
2021-07-14,9323.2160
2021-07-15,9316.4710
2021-07-16,9246.4930
2021-07-17,8890.5180
2021-07-18,8594.2970
2021-07-19,8941.1050
2021-07-20,8873.6920
2021-07-21,8827.2400
2021-07-22,9149.0600
2021-07-23,9335.4890
2021-07-24,8585.9590
2021-07-25,8490.1970
2021-07-26,9046.7140
2021-07-27,9059.6000
2021-07-28,9034.0680
2021-07-29,9127.1030
2021-07-30,9221.2390
2021-07-31,8748.9700
2021-08-01,8804.6440
2021-08-02,9317.1230
2021-08-03,9176.2680
2021-08-04,9139.9940
2021-08-05,9327.9480
2021-08-06,9553.7260
2021-08-07,9136.4210
2021-08-08,9019.2870
2021-08-09,9291.2690
2021-08-10,9291.0010
2021-08-11,9449.7950
2021-08-12,9381.2410
2021-08-13,9455.1320
2021-08-14,8934.2620
2021-08-15,8668.2990
2021-08-16,9362.2060
2021-08-17,9440.2520
2021-08-18,9633.9410
2021-08-19,9529.9880
2021-08-20,9605.1960
2021-08-21,9010.9890
2021-08-22,8877.2740
2021-08-23,9484.7770
2021-08-24,9416.6360
2021-08-25,9484.3220
2021-08-26,9647.7320
2021-08-27,9746.5200
2021-08-28,9352.8010
2021-08-29,9207.9500
2021-08-30,9408.7240
2021-08-31,9425.9520
2021-09-01,9757.1440
2021-09-02,9847.7020
2021-09-03,9827.5220
2021-09-04,9376.7400
2021-09-05,9104.9580
2021-09-06,9675.8050
2021-09-07,9730.0550
2021-09-08,9804.3970
2021-09-09,9912.5790
2021-09-10,9979.1500
2021-09-11,9657.8890
2021-09-12,9774.2030
2021-09-13,9921.6260
2021-09-14,9920.3090
2021-09-15,9903.1470
2021-09-16,9961.4210
2021-09-17,10142.7530
2021-09-18,9869.4430
2021-09-19,9994.8470
2021-09-20,10011.4760
2021-09-21,10111.1920
2021-09-22,10130.8700
2021-09-23,10414.8400
2021-09-24,10394.4640
2021-09-25,10118.7410
2021-09-26,10000.1920
2021-09-27,10126.6140
2021-09-28,10056.7810
2021-09-29,9698.0040
2021-09-30,9750.8380
2021-10-01,10254.7820
2021-10-02,10157.9200
2021-10-03,10062.8360
2021-10-04,9924.0280
2021-10-05,9850.7250
2021-10-06,10048.5710
2021-10-07,10113.9480
2021-10-08,10430.7640
2021-10-09,10160.0390
2021-10-10,9939.1430
2021-10-11,10228.1200
2021-10-12,10409.9460
2021-10-13,10383.5640
2021-10-14,10702.8060
2021-10-15,10554.8360
2021-10-16,10585.8510
2021-10-17,10394.1420
2021-10-18,10332.5210
2021-10-19,10621.6570
2021-10-20,10122.2460
2021-10-21,10287.1220
2021-10-22,10836.2710
2021-10-23,10873.5300
2021-10-24,10520.8710
2021-10-25,10554.6210
2021-10-26,10613.6200
2021-10-27,10940.3090
2021-10-28,10891.3350
2021-10-29,10932.7950
2021-10-30,11308.5710
2021-10-31,10546.2140
2021-11-01,10763.8940
2021-11-02,10764.7230
2021-11-03,10706.7480
2021-11-04,10823.0790
2021-11-05,10938.6300
2021-11-06,11206.1920
2021-11-07,10954.1650
2021-11-08,10932.3880
2021-11-09,10848.1760
2021-11-10,11064.0940
2021-11-11,11413.8270
2021-11-12,11307.3750
2021-11-13,11331.4360
2021-11-14,11147.0620
2021-11-15,11024.4440
2021-11-16,11343.8140
2021-11-17,11262.6400
2021-11-18,11504.5070
2021-11-19,11675.0170
2021-11-20,11601.0600
2021-11-21,11343.0320
2021-11-22,11262.8100
2021-11-23,11222.6180
2021-11-24,11229.9680
2021-11-25,11404.3120
2021-11-26,11429.5410
2021-11-27,11289.2540
2021-11-28,11198.2030
2021-11-29,10913.0440
2021-11-30,11173.3820
2021-12-01,11542.7180
2021-12-02,11381.2010
2021-12-03,11606.3090
2021-12-04,11616.2150
2021-12-05,11240.0440
2021-12-06,11132.1540
2021-12-07,11332.0900
2021-12-08,11496.0860
2021-12-09,11626.0940
2021-12-10,11682.5400
2021-12-11,11890.1020
2021-12-12,11760.8470
2021-12-13,11825.4950
2021-12-14,11763.9360
2021-12-15,11909.1820
2021-12-16,12023.4050
2021-12-17,12292.7650
2021-12-18,12431.2770
2021-12-19,12267.0040
2021-12-20,12116.7930
2021-12-21,12098.2450
2021-12-22,12172.7630
2021-12-23,12209.3380
2021-12-24,12456.9500
2021-12-25,12271.4940
2021-12-26,12143.9340
2021-12-27,12063.6350
2021-12-28,11944.9260
2021-12-29,12170.6030
2021-12-30,12317.2020
2021-12-31,12090.9570
2022-01-01,12054.4650
2022-01-02,11788.4330
2022-01-03,11637.7400
2022-01-04,11701.2620
2022-01-05,11898.3500
2022-01-06,11973.1520
2022-01-07,12045.8510
2022-01-08,11768.4580
2022-01-09,11776.1810
2022-01-10,11667.9420
2022-01-11,11479.5900
2022-01-12,11570.4710
2022-01-13,11810.1510
2022-01-14,11922.6880
2022-01-15,12214.6760
2022-01-16,11876.8130
2022-01-17,12061.9120
2022-01-18,12222.9490
2022-01-19,12142.3620
2022-01-20,12306.0520
2022-01-21,12325.6290
2022-01-22,12285.2210
2022-01-23,12113.4220
2022-01-24,12114.1520
2022-01-25,12042.0860
2022-01-26,12142.2380
2022-01-27,12123.8530
2022-01-28,12460.2560
2022-01-29,12476.5760
2022-01-30,12296.5100
2022-01-31,11990.9780
2022-02-01,12142.1390
2022-02-02,12286.2330
2022-02-03,12546.6170
2022-02-04,12645.0470
2022-02-05,12554.3330
2022-02-06,12169.0110
2022-02-07,12250.5710
2022-02-08,12435.7720
2022-02-09,12537.1930
2022-02-10,12625.5650
2022-02-11,12578.4340
2022-02-12,12496.3950
2022-02-13,12376.6700
2022-02-14,12282.8340
2022-02-15,12500.3310
2022-02-16,12411.0610
2022-02-17,12546.6640
2022-02-18,12391.8290
2022-02-19,12545.1110
2022-02-20,12101.5770
2022-02-21,12260.0500
2022-02-22,12924.0740
2022-02-23,13095.2840
2022-02-24,12981.6520
2022-02-25,13115.0490
2022-02-26,13176.7670
2022-02-27,12775.4070
2022-02-28,12774.1250
2022-03-01,13086.2020
2022-03-02,13310.0110
2022-03-03,13393.0460
2022-03-04,13674.6550
2022-03-05,13772.6180
2022-03-06,13533.8730
2022-03-07,13161.2830
2022-03-08,13284.2410
2022-03-09,13552.0500
2022-03-10,13821.7930
2022-03-11,13903.5360
2022-03-12,13789.0760
2022-03-13,13615.9260
2022-03-14,13681.3900
2022-03-15,13467.0920
2022-03-16,13766.4410
2022-03-17,13920.8300
2022-03-18,14115.7640
2022-03-19,14375.0100
2022-03-20,13881.3490
2022-03-21,14026.6290
2022-03-22,13754.7220
2022-03-23,13711.1060
2022-03-24,13957.7300
2022-03-25,14186.4870
2022-03-26,13528.0970
2022-03-27,13684.2550
2022-03-28,13821.3370
2022-03-29,14061.6260
2022-03-30,14123.9450
2022-03-31,14213.8060
2022-04-01,14522.5940
2022-04-02,14122.5680
2022-04-03,13813.4800
2022-04-04,13885.3730
2022-04-05,14012.8240
2022-04-06,14413.1910
2022-04-07,14167.5480
2022-04-08,14394.2540
2022-04-09,14080.6110
2022-04-10,14029.7080
2022-04-11,14115.8810
2022-04-12,14192.8410
2022-04-13,14249.0050
2022-04-14,14392.9460
2022-04-15,14611.1350
2022-04-16,14319.2480
2022-04-17,14073.4990
2022-04-18,13940.1470
2022-04-19,14064.1410
2022-04-20,14230.2330
2022-04-21,14544.6620
2022-04-22,14722.2130
2022-04-23,14605.3710
2022-04-24,14166.7440
2022-04-25,14438.7370
2022-04-26,14442.7720
2022-04-27,14399.5260
2022-04-28,14569.8830
2022-04-29,14872.2480
2022-04-30,14654.4360
2022-05-01,14356.9770
2022-05-02,14445.4630
2022-05-03,14460.0640
2022-05-04,14506.2590
2022-05-05,14776.0130
2022-05-06,14945.9080
2022-05-07,14529.9590
2022-05-08,14470.5010
2022-05-09,14752.5850
2022-05-10,14502.5080
2022-05-11,14541.3450
2022-05-12,14657.0180
2022-05-13,14650.3800
2022-05-14,14209.8790
2022-05-15,13704.7640
2022-05-16,14353.1330
2022-05-17,14088.2730
2022-05-18,14276.9250
2022-05-19,14366.9070
2022-05-20,14505.1370
2022-05-21,13899.5820
2022-05-22,13572.1610
2022-05-23,14580.5650
2022-05-24,14311.8030
2022-05-25,14620.3430
2022-05-26,14508.6320
2022-05-27,14436.9860
2022-05-28,13768.5820
2022-05-29,13566.7330
2022-05-30,13867.6080
2022-05-31,14087.6810
