date,ln(qte),qte_injectee_Mwh
1,7.14636894855969,1269.488
2,7.19036551136986,1326.588
3,7.14085312153771,1262.505
4,7.15686049096301,1282.877
5,7.1663161659242,1295.065
6,7.21193747263151,1355.516
7,7.17679719820287,1308.71
8,7.16297639952696,1290.747
9,7.17542544223981,1306.916
10,7.21136261853379,1354.737
11,7.16989644164119,1299.71
12,7.23615430043709,1388.743
13,7.24348080831541,1398.955
14,7.19577079583515,1333.778
15,7.19894618825957,1338.02
16,7.18145505311337,1314.82
17,7.2048070682188,1345.885
18,7.18129151926055,1314.605
19,7.19122298344718,1327.726
20,7.23666902202547,1389.458
21,7.17775111799549,1309.959
22,7.16773516461483,1296.904
23,7.1285697200236,1247.092
24,7.1617174211951,1289.123
25,7.23783570285054,1391.08
26,7.25623231168311,1416.908
27,7.2667239902241,1431.852
28,7.23309289804515,1384.498
29,7.2286366065571,1378.342
30,7.19428368621804,1331.796
31,7.23040818122794,1380.786
32,7.19288309208918,1329.932
33,7.2183087945062,1364.18
34,7.20303491670349,1343.502
35,7.19550234932151,1333.42
36,7.20693722370171,1348.755
37,7.21958420536903,1365.921
38,7.20091059586772,1340.651
39,7.20185223202067,1341.914
40,7.17123123298608,1301.446
41,7.20631794253013,1347.92
42,7.19932129913463,1338.522
43,7.21239844539544,1356.141
44,7.18496116734417,1319.438
45,7.14983363015881,1273.894
46,7.20426898747439,1345.161
47,7.26412747709798,1428.139
48,7.29625868055459,1474.772
49,7.31670829725344,1505.241
50,7.27754830343025,1447.435
51,7.25163075813755,1410.403
52,7.20073603856399,1340.417
53,7.24422680131738,1399.999
54,7.24312762523136,1398.461
55,7.27205458347447,1439.505
56,7.1999986827273,1339.429
57,7.14789123811224,1271.422
58,7.21635406378916,1361.516
59,7.28817604598404,1462.9
60,7.27782737891853,1447.839
61,7.25145561555012,1410.156
62,7.28656493271911,1460.545
63,7.21747424560182,1363.042
64,7.19072878350613,1327.07
65,7.17821667303708,1310.569
66,7.11934999852106,1235.647
67,7.13878207570464,1259.893
68,7.16827245401437,1297.601
69,7.21267713863562,1356.519
70,7.18954578016109,1325.501
71,7.18663169519072,1321.644
72,7.20813612956598,1350.373
73,7.18504604836679,1319.55
74,7.22028165983497,1366.874
75,7.22870770394531,1378.44
76,7.19830548440543,1337.163
77,7.19610962540712,1334.23
78,7.19504102290614,1332.805
79,7.16327540645437,1291.133
80,7.0551100617801,1158.765
81,7.12818073963253,1246.607
82,7.19407942987562,1331.524
83,7.25097328309455,1409.476
84,7.26827322910415,1434.072
85,7.23892419209557,1392.595
86,7.21101341230994,1354.264
87,7.21257687699689,1356.383
88,7.2120562395361,1355.677
89,7.26002704313725,1422.295
90,7.2675058882095,1432.972
91,7.08032443533341,1188.354
92,7.0725007778336,1179.093
93,7.13520474651882,1255.394
94,7.15468097976044,1280.084
95,7.17170060061209,1302.057
96,7.20872764295798,1351.172
97,7.2497991082717,1407.822
98,7.28873027066287,1463.711
99,7.25681933343953,1417.74
100,7.29396145196674,1471.388
101,7.23996845868297,1394.05
102,7.33270466306448,1529.513
103,7.30108302642996,1481.904
104,7.29631224672221,1474.851
105,7.24867759927696,1406.244
106,7.15991301824303,1286.799
107,7.17457269037948,1305.802
108,7.26371076417248,1427.544
109,7.2953299703536,1473.403
110,7.20362052772941,1344.289
111,7.2526469722961,1411.837
112,7.20701655297644,1348.862
113,7.15307041410387,1278.024
114,7.20400578731584,1344.807
115,7.19987548831853,1339.264
116,7.26615114129105,1431.032
117,7.27835492272415,1448.603
118,7.2495739124054,1407.505
119,7.32539728021723,1518.377
120,7.29032562406611,1466.048
121,7.32749468942352,1521.565
122,7.24619201328501,1402.753
123,7.23889905884445,1392.56
124,7.28196704993509,1453.845
125,7.32513907648383,1517.985
126,7.27083327953047,1437.748
127,7.27481630040684,1443.486
128,7.2774363750422,1447.273
129,7.24497652074324,1401.049
130,7.29717027031154,1476.117
131,7.34727199417377,1551.957
132,7.28417735848133,1457.062
133,7.29802620458146,1477.381
134,7.24807866183948,1405.402
135,7.23110536699319,1381.749
136,7.30137989767908,1482.344
137,7.32600629784456,1519.302
138,7.27860685788083,1448.968
139,7.3378876335053,1537.461
140,7.31465935128456,1502.16
141,7.23613629838413,1388.718
142,7.27276568622059,1440.529
143,7.33359605278299,1530.877
144,7.32648535048766,1520.03
145,7.36945830332822,1586.774
146,7.3557452509053,1565.163
147,7.33278050132243,1529.629
148,7.34401014660334,1546.903
149,7.32998113766505,1525.353
150,7.31901821383025,1508.722
151,7.32352511058452,1515.537
152,7.27879180000413,1449.236
153,7.34756641774834,1552.414
154,7.34595536969992,1549.915
155,7.33753504208484,1536.919
156,7.31521107103025,1502.989
157,7.33954353954644,1540.009
158,7.3119762801768,1498.135
159,7.3239097187425,1516.12
160,7.3526462074128,1560.32
161,7.33283410765584,1529.711
162,7.31049668116871,1495.92
163,7.3321742883073,1528.702
164,7.30620651395533,1489.516
165,7.30501078029752,1487.736
166,7.35453761896029,1563.274
167,7.35442502839194,1563.098
168,7.35798723045275,1568.676
169,7.32897365029641,1523.817
170,7.32172478860285,1512.811
171,7.28327307605566,1455.745
172,7.31851965447081,1507.97
173,7.36582928236204,1581.026
174,7.36505480171255,1579.802
175,7.37778140797475,1600.036
176,7.26553391363014,1430.149
177,7.31231531096578,1498.643
178,7.30364872453324,1485.711
179,7.34694074457353,1551.443
180,7.40303549661265,1640.958
181,7.42430608258487,1676.236
182,7.38420682565679,1610.35
183,7.3404612947325,1541.423
184,7.3729216023059,1592.279
185,7.45379011905761,1726.394
186,7.45107732769546,1721.717
187,7.50047531035129,1808.902
188,7.48331134296805,1778.119
189,7.5123537195972,1830.517
190,7.48126890022246,1774.491
191,7.46139266037615,1739.569
192,7.50671594818584,1820.226
193,7.52014620568834,1844.837
194,7.48589388400928,1782.717
195,7.51054549230136,1827.21
196,7.53017683770995,1863.435
197,7.5016283838727,1810.989
198,7.46887336647171,1752.631
199,7.48326466333794,1778.036
200,7.49905022710014,1806.326
201,7.5474341699875,1895.872
202,7.50015019843916,1808.314
203,7.51942338745758,1843.504
204,7.50384570536434,1815.009
205,7.45607782333202,1730.348
206,7.47792941656734,1768.575
207,7.52835219660608,1860.038
208,7.53110372772261,1865.163
209,7.54727802911436,1895.576
210,7.52600810134481,1855.683
211,7.4151751096133,1661
212,7.42757235818558,1681.72
213,7.43764855413332,1698.751
214,7.4757025492455,1764.641
215,7.49839343008605,1805.14
216,7.47919573628136,1770.816
217,7.46622870037959,1748.002
218,7.44339389833608,1708.539
219,7.43373332280614,1692.113
220,7.41929065081737,1667.85
221,7.47151276395154,1757.263
222,7.52823337477015,1859.817
223,7.556536170591,1913.207
224,7.548141773272,1897.214
225,7.50569192477303,1818.363
226,7.5146913077414,1834.801
227,7.51171981797171,1829.357
228,7.49441352968658,1797.97
229,7.47474382124697,1762.95
230,7.54978757029202,1900.339
231,7.53988254085613,1881.609
232,7.50551372665255,1818.039
233,7.50170016527737,1811.119
234,7.46985027684959,1754.344
235,7.51922103490504,1843.131
236,7.49660804206625,1801.92
237,7.47252973806369,1759.051
238,7.49017199593186,1790.36
239,7.4726576397626,1759.276
240,7.45760640454122,1732.995
241,7.49620061580116,1801.186
242,7.50364458420966,1814.644
243,7.50754681838203,1821.739
244,7.52412670124003,1852.195
245,7.56903504450353,1937.27
246,7.51284034890697,1831.408
247,7.46511824550563,1746.062
248,7.51034790381076,1826.849
249,7.52286307720501,1849.856
250,7.56557212902717,1930.573
251,7.51069707805554,1827.487
252,7.48361779967585,1778.664
253,7.49328940883096,1795.95
254,7.49696260093964,1802.559
255,7.49747895555417,1803.49
256,7.55647396942772,1913.088
257,7.5753682178813,1949.578
258,7.54706224028268,1895.167
259,7.53246568340545,1867.705
260,7.52475171003101,1853.353
261,7.50306579085084,1813.594
262,7.58120625658263,1960.993
263,7.5784180695326,1955.533
264,7.60085745852955,1999.91
265,7.64472458915307,2089.593
266,7.64891851464258,2098.375
267,7.61874090419192,2035.997
268,7.58004494604905,1958.717
269,7.57390323877525,1946.724
270,7.58556646198656,1969.562
271,7.60958317289074,2017.437
272,7.56550893335678,1930.451
273,7.57944641610647,1957.545
274,7.59293530589239,1984.129
275,7.57205381008235,1943.127
276,7.54919381575102,1899.211
277,7.55574190037974,1911.688
278,7.6380946743754,2075.785
279,7.65012205530209,2100.902
280,7.62507591300243,2048.936
281,7.62065018337031,2039.888
282,7.59822939007308,1994.661
283,7.60674436235071,2011.718
284,7.58814492718315,1974.647
285,7.56313568890194,1925.875
286,7.6190669811696,2036.661
287,7.62897034509423,2056.931
288,7.62465023567113,2048.064
289,7.57577540259443,1950.372
290,7.61457703489827,2027.537
291,7.64450969168442,2089.144
292,7.61010498610683,2018.49
293,7.61727224057379,2033.009
294,7.57233887690518,1943.681
295,7.53065916374326,1864.334
296,7.57226272982397,1943.533
297,7.59317669251102,1984.608
298,7.63456448253306,2068.47
299,7.63095968124133,2061.027
300,7.64702144022775,2094.398
301,7.67371834731418,2151.065
302,7.63869571205033,2077.033
303,7.62923235164298,2057.47
304,7.58517492775392,1968.791
305,7.60738291595165,2013.003
306,7.61446802971351,2027.316
307,7.67282117988904,2149.136
308,7.62154444036487,2041.713
309,7.54756866369406,1896.127
310,7.55754130658578,1915.131
311,7.57392327223113,1946.763
312,7.61886221331891,2036.244
313,7.64741574788162,2095.224
314,7.69321496900064,2193.415
315,7.62912736282711,2057.254
316,7.56032574743764,1920.471
317,7.58203610380686,1962.621
318,7.62387603445787,2046.479
319,7.60320730135235,2004.615
320,7.6155299542037,2029.47
321,7.67260292884223,2148.667
322,7.6770817136809,2158.312
323,7.65381933520796,2108.684
324,7.65713817004443,2115.694
325,7.6711237095964,2145.491
326,7.64663939592316,2093.598
327,7.65050277164352,2101.702
328,7.67284444478171,2149.186
329,7.67116658930438,2145.583
330,7.6397692639232,2079.264
331,7.62559897456386,2050.008
332,7.63551835601276,2070.444
333,7.613167930172,2024.682
334,7.6420194505466,2083.948
335,7.74510106708609,2310.227
336,7.73730136192793,2292.278
337,7.75326081983816,2329.155
338,7.71034727308832,2231.317
339,7.71931685140674,2251.421
340,7.7175875593541,2247.531
341,7.68241331972134,2169.85
342,7.77441407249436,2378.949
343,7.78730194029034,2409.807
344,7.69918005040586,2206.538
345,7.71919158933344,2251.139
346,7.71971563109291,2252.319
347,7.72215192462822,2257.813
348,7.74176206013954,2302.526
349,7.71685537710906,2245.886
350,7.77289039120167,2375.327
351,7.72092964188324,2255.055
352,7.72938450062037,2274.202
353,7.73574667753415,2288.717
354,7.73238938867464,2281.046
355,7.72042664518337,2253.921
356,7.75287090287952,2328.247
357,7.74001419057566,2298.505
358,7.73087797502239,2277.601
359,7.71785581777799,2248.134
360,7.7152520521173,2242.288
361,7.70447658054668,2218.256
362,7.67321753971078,2149.988
363,7.7300491282995,2275.714
364,7.68332909263682,2171.838
365,7.68665713054076,2179.078
366,7.72365225152943,2261.203
367,7.74424580710963,2308.252
368,7.74354893330573,2306.644
369,7.77723109459963,2385.66
370,7.80826819313673,2460.865
371,7.78452858168717,2403.133
372,7.73182983966706,2279.77
373,7.76332015891626,2352.703
374,7.73791540950626,2293.686
375,7.72881534789042,2272.908
376,7.77303857034547,2375.679
377,7.80822511792415,2460.759
378,7.77847190960805,2388.622
379,7.73875998096262,2295.624
380,7.7849400431195,2404.122
381,7.77736438216271,2385.978
382,7.81013611526287,2465.466
383,7.80820195407098,2460.702
384,7.80036133013189,2441.484
385,7.78723429773102,2409.644
386,7.79923802161029,2438.743
387,7.81318079762584,2472.984
388,7.76696081786504,2361.284
389,7.72072918322252,2254.603
390,7.77777461193275,2386.957
391,7.77686383318336,2384.784
392,7.76378164913839,2353.789
393,7.74625007729446,2312.883
394,7.72057171516658,2254.248
395,7.75187910745527,2325.939
396,7.79256359966479,2422.52
397,7.79706158406486,2433.441
398,7.82075540273903,2491.787
399,7.75520341379186,2333.684
400,7.76961136653888,2367.551
401,7.75185030146982,2325.872
402,7.7900767327493,2416.503
403,7.77308276725915,2375.784
404,7.77675480269077,2384.524
405,7.7981241230166,2436.028
406,7.7475571142424,2315.908
407,7.7243494248229,2262.78
408,7.76494590138017,2356.531
409,7.77318251882732,2376.021
410,7.76195654167464,2349.497
411,7.78661035953172,2408.141
412,7.80068935547755,2442.285
413,7.81657739001183,2481.398
414,7.79515423410378,2428.804
415,7.76944916046838,2367.167
416,7.77105021540433,2370.96
417,7.75114494087229,2324.232
418,7.78099277897627,2394.651
419,7.80902658180643,2462.732
420,7.76406498188954,2354.456
421,7.75395782544628,2330.779
422,7.76893153029027,2365.942
423,7.73805229768932,2294
424,7.78151881330337,2395.911
425,7.79007011158931,2416.487
426,7.78726666713397,2409.722
427,7.79050866871034,2417.547
428,7.7513114336254,2324.619
429,7.77706047736096,2385.253
430,7.77588003184277,2382.439
431,7.77354903090517,2376.892
432,7.81444567474782,2476.114
433,7.79460937315236,2427.481
434,7.802975580237,2447.875
435,7.79783426496701,2435.322
436,7.77665750390626,2384.292
437,7.77361129515298,2377.04
438,7.77952217296082,2391.132
439,7.74224402322355,2303.636
440,7.75422894266968,2331.411
441,7.71941545093816,2251.643
442,7.74821538655823,2317.433
443,7.74610609077446,2312.55
444,7.71721953231086,2246.704
445,7.68410739287492,2173.529
446,7.75140477789915,2324.836
447,7.80549744489639,2454.056
448,7.78624860432142,2407.27
449,7.72312717188729,2260.016
450,7.7254730740446,2265.324
451,7.71011688932353,2230.803
452,7.66628421880443,2135.133
453,7.63608811973075,2071.624
454,7.66954753722245,2142.112
455,7.63645877467455,2072.392
456,7.5832297124399,1964.965
457,7.65461951424804,2110.372
458,7.68570581731711,2177.006
459,7.76746846357481,2362.483
460,7.72513090109292,2264.549
461,7.79191406491817,2420.947
462,7.72245969726239,2258.508
463,7.69853947561657,2205.125
464,7.72657870613002,2267.83
465,7.68951983788755,2185.325
466,7.74202651729501,2303.135
467,7.74542955227247,2310.986
468,7.78548063492266,2405.422
469,7.77219255961018,2373.67
470,7.73649485184692,2290.43
471,7.74035043959275,2299.278
472,7.78502156644104,2404.318
473,7.78786945953713,2411.175
474,7.80431625290508,2451.159
475,7.82859126551819,2511.389
476,7.795175643589,2428.856
477,7.71785492815091,2248.132
478,7.74905001375588,2319.368
479,7.68012529274884,2164.891
480,7.70173599386475,2212.185
481,7.59640988301566,1991.035
482,7.6976588657839,2203.184
483,7.76135878834078,2348.093
484,7.74493786634253,2309.85
485,7.7544236555717,2331.865
486,7.73429327978677,2285.393
487,7.76408494383867,2354.503
488,7.77196250960067,2373.124
489,7.79083870089767,2418.345
490,7.72865826804404,2272.551
491,7.70446395793833,2218.228
492,7.70440940840587,2218.107
493,7.77363821903244,2377.104
494,7.81129911325301,2468.335
495,7.82349105689783,2498.613
496,7.83651870243574,2531.377
497,7.80763203558804,2459.3
498,7.77308150451729,2375.781
499,7.78873215199933,2413.256
500,7.83167721897841,2519.151
501,7.85166506893228,2570.01
502,7.85964517410704,2590.601
503,7.89774544242582,2691.208
504,7.84122441357142,2543.317
505,7.81814583902486,2485.293
506,7.80900587288314,2462.681
507,7.79351628542133,2424.829
508,7.83452610235161,2526.338
509,7.88279291792811,2651.267
510,7.9186923339929,2748.175
511,7.86338671681015,2600.312
512,7.8516763528714,2570.039
513,7.86731046015395,2610.535
514,7.87500676996011,2630.704
515,7.90763062318876,2717.943
516,7.92051007014011,2753.175
517,7.93413660204782,2790.948
518,7.86643899472632,2608.261
519,7.84685353070211,2557.674
520,7.911151350098,2727.529
521,7.89111046413952,2673.411
522,7.92696318398237,2770.999
523,7.96767143687957,2886.129
524,7.99546063606713,2967.457
525,7.93655007053874,2797.692
526,7.9156383790649,2739.795
527,7.93990791342879,2807.102
528,7.94287916161543,2815.455
529,7.95732717217557,2856.428
530,7.98607165871068,2939.726
531,8.00836058028051,3005.985
532,7.95885763363636,2860.803
533,7.96624567522354,2882.017
534,7.96094751825918,2866.788
535,7.98026107266574,2922.694
536,8.01307634671631,3020.194
537,8.01495062758072,3025.86
538,8.03416008601132,3084.547
539,8.00575104430545,2998.151
540,7.93624656005699,2796.843
541,7.96797214052142,2886.997
542,8.00115467074859,2984.402
543,7.98081212459537,2924.305
544,8.00442401350523,2994.175
545,8.05195196391163,3139.918
546,8.04452040313277,3116.67
547,7.99026630185627,2952.083
548,7.97468940448241,2906.455
549,8.00968605537407,3009.972
550,7.94462194274457,2820.366
551,7.92665530537362,2770.146
552,8.03279883051352,3080.351
553,8.0455491774749,3119.878
554,8.04984140293066,3133.298
555,8.04806725688378,3127.744
556,7.99874021991468,2977.205
557,8.02498256188481,3056.368
558,8.03846812072335,3097.864
559,8.06213838960007,3172.066
560,8.01613141246911,3029.435
561,7.99289826246319,2959.863
562,8.00168428484783,2985.983
563,7.9989843788664,2977.932
564,8.05449783159373,3147.922
565,8.04985129661031,3133.329
566,8.0403843793499,3103.806
567,8.06244697364462,3173.045
568,8.01591979947053,3028.794
569,8.01510660412639,3026.332
570,8.00968970988644,3009.983
571,8.02905361559007,3068.836
572,8.01882366733191,3037.602
573,8.02164625183939,3046.188
574,8.08008291511794,3229.501
575,7.96998984935455,2892.828
576,7.94200503102649,2812.995
577,7.99376583159345,2962.432
578,8.03570272028861,3089.309
579,8.05278030480374,3142.52
580,8.04460350119543,3116.929
581,8.00638790077686,3000.061
582,7.95312465469265,2844.449
583,7.93288785963574,2787.465
584,7.96726492752607,2884.956
585,7.98329646470226,2931.579
586,8.01352323799908,3021.544
587,8.01759595932342,3033.875
588,8.02790007039777,3065.298
589,8.00069986988538,2983.045
590,7.99980944341962,2980.39
591,8.02877888086786,3067.993
592,8.03650193237926,3091.779
593,8.01995911600297,3041.053
594,8.01588149966493,3028.678
595,8.0431423432176,3112.378
596,8.02883722349718,3068.172
597,8.01103930473979,3014.048
598,8.00628823116986,2999.762
599,8.03725752235005,3094.116
600,8.08158511447444,3234.356
601,8.10406852363394,3307.899
602,8.07368378990165,3208.901
603,8.0303262524449,3072.744
604,8.03243776751676,3079.239
605,8.0504747201252,3135.283
606,8.05564364549054,3151.531
607,8.03273455005852,3080.153
608,8.04360651070141,3113.823
609,8.05117648382544,3137.484
610,8.08108102312861,3232.726
611,8.05600499184114,3152.67
612,8.04871959107908,3129.785
613,8.03521219907491,3087.794
614,8.06607443512564,3184.576
615,8.10950220788437,3325.922
616,8.10727900080196,3318.536
617,8.08000952647472,3229.264
618,8.07802692534533,3222.868
619,8.11744252474244,3352.436
620,8.10311913240243,3304.76
621,8.1044405939435,3309.13
622,8.1203564516448,3362.219
623,8.11841447945551,3355.696
624,8.13205233923826,3401.774
625,8.16062881279351,3500.387
626,8.15347780735418,3475.445
627,8.15677926619065,3486.938
628,8.12796642490164,3387.903
629,8.15870088278453,3493.645
630,8.16874573724181,3528.915
631,8.14149385442135,3434.044
632,8.14656332895584,3451.497
633,8.14382046943023,3442.043
634,8.12966603199471,3393.666
635,8.15817149600904,3491.796
636,8.1382311535914,3422.858
637,8.15854945353111,3493.116
638,8.09034498572644,3262.813
639,8.06748900720878,3189.084
640,8.09004857176609,3261.846
641,8.10901320134883,3324.296
642,8.14179083621505,3435.064
643,8.16370886632115,3511.185
644,8.1598957680631,3497.822
645,8.16248431350246,3506.888
646,8.16482126193174,3515.093
647,8.14169651037977,3434.74
648,8.17806567265151,3561.958
649,8.17878973118258,3564.538
650,8.18762800610166,3596.182
651,8.15725922835339,3488.612
652,8.14413563952811,3443.128
653,8.12957085015533,3393.343
654,8.14531381511791,3447.187
655,8.1455835639225,3448.117
656,8.17615956746739,3555.175
657,8.18845659741189,3599.163
658,8.20848548810421,3671.977
659,8.1837424654308,3582.236
660,8.17844965735073,3563.326
661,8.15008717537249,3463.681
662,8.18510576743783,3587.123
663,8.18502938018677,3586.849
664,8.21045279060909,3679.208
665,8.21156599743578,3683.306
666,8.16031165471012,3499.277
667,8.14565606463449,3448.367
668,8.16752478710825,3524.609
669,8.22708497826377,3740.913
670,8.20437052604588,3656.898
671,8.16523396811114,3516.544
672,8.20850564053282,3672.051
673,8.18750008448295,3595.722
674,8.18015111246572,3569.394
675,8.17514109629891,3551.556
676,8.17130783002083,3537.968
677,8.17641943651623,3556.099
678,8.23843808807775,3783.626
679,8.21700065509895,3703.378
680,8.11937596357484,3358.924
681,8.101576833272,3299.667
682,8.17870444300106,3564.234
683,8.15624312213779,3485.069
684,8.1549786464668,3480.665
685,8.22164129967872,3720.604
686,8.25458011599787,3845.197
687,8.18838518937173,3598.906
688,8.19237759145634,3613.303
689,8.23621446790103,3775.222
690,8.26944619228636,3902.787
691,8.23584859467533,3773.841
692,8.26312640744852,3878.2
693,8.29351624787368,3997.867
694,8.25734338305273,3855.837
695,8.26084233014341,3869.352
696,8.24611963089323,3812.802
697,8.25040596003547,3829.18
698,8.23455597226598,3768.966
699,8.31306543832154,4076.791
700,8.28780040423931,3975.081
701,8.22747464676184,3742.371
702,8.22176815275508,3721.076
703,8.23052314003168,3753.797
704,8.27765065882538,3934.939
705,8.24931322338468,3824.998
706,8.22576223400156,3735.968
707,8.28635284562728,3969.331
708,8.27072753169162,3907.791
709,8.26250117980299,3875.776
710,8.2688036244124,3900.28
711,8.26783604640611,3896.508
712,8.29406064004153,4000.044
713,8.3304162842724,4148.144
714,8.34319569331639,4201.495
715,8.32377760279242,4120.697
716,8.30670126965546,4050.928
717,8.30165067887485,4030.52
718,8.34094992433474,4192.07
719,8.34014952203857,4188.716
720,8.35428218506638,4248.334
721,8.34979059148323,4229.295
722,8.32098899516794,4109.222
723,8.3149631697255,4084.535
724,8.32637863095182,4131.429
725,8.33179787546102,4153.879
726,8.30282874077838,4035.271
727,8.29402688984324,3999.909
728,8.2618533577657,3873.266
729,8.29873365296584,4018.78
730,8.30563081861776,4046.594
731,8.28281451174991,3955.311
732,8.32802706389935,4138.245
733,8.32884326043279,4141.624
734,8.32128170847025,4110.425
735,8.35141719873635,4236.18
736,8.32319986374107,4118.317
737,8.32045347065027,4107.022
738,8.32893476624305,4142.003
739,8.34312595380297,4201.202
740,8.33763269937243,4178.187
741,8.33286907082921,4158.331
742,8.30510999821128,4044.487
743,8.29227807180116,3992.92
744,8.31412036871074,4081.094
745,8.31964136056887,4103.688
746,8.33289672577295,4158.446
747,8.32789390680362,4137.694
748,8.34307953743793,4201.007
749,8.30133280336249,4029.239
750,8.29109728619104,3988.208
751,8.32643623647887,4131.667
752,8.34183835060314,4195.796
753,8.36236157980755,4282.797
754,8.35234519881427,4240.113
755,8.35380447199615,4246.305
756,8.32800676523348,4138.161
757,8.33531681551456,4168.522
758,8.33737442004034,4177.108
759,8.35377691824956,4246.188
760,8.30916556665946,4060.923
761,8.31989475903346,4104.728
762,8.34374368136574,4203.798
763,8.33372001175915,4161.871
764,8.3246923207545,4124.468
765,8.30580131785228,4047.284
766,8.31381550201649,4079.85
767,8.31140712360637,4070.036
768,8.32805533635447,4138.362
769,8.32975046378324,4145.383
770,8.29976179463952,4022.914
771,8.27842368834048,3937.982
772,8.25743285378672,3856.182
773,8.25812500889753,3858.852
774,8.26864695672105,3899.669
775,8.30660128756574,4050.523
776,8.32940978584533,4143.971
777,8.2988481090136,4019.24
778,8.29868687150543,4018.592
779,8.29439807939001,4001.394
780,8.28460770499384,3962.41
781,8.32360941321689,4120.004
782,8.3180007583412,4096.961
783,8.35016221557697,4230.867
784,8.31171051469811,4071.271
785,8.285417742234,3965.621
786,8.29110581128679,3988.242
787,8.32022797772446,4106.096
788,8.30943935854831,4062.035
789,8.30336041004407,4037.417
790,8.35613155249573,4256.198
791,8.33299194911986,4158.842
792,8.29975508306412,4022.887
793,8.36478392777661,4293.184
794,8.35204775684835,4238.852
795,8.3749743433185,4337.157
796,8.39296648986409,4415.898
797,8.41829000448564,4529.152
798,8.38593259002122,4384.946
799,8.34514619013668,4209.698
800,8.3404801176376,4190.101
801,8.31645842723506,4090.647
802,8.36976059464985,4314.603
803,8.38515736558824,4381.548
804,8.37570220510576,4340.315
805,8.33716468357488,4176.232
806,8.33055681918031,4148.727
807,8.35277976260502,4241.956
808,8.33768559172872,4178.408
809,8.34253047071848,4198.701
810,8.33685502639978,4174.939
811,8.37561488044194,4339.936
812,8.38733117268323,4391.083
813,8.34740911097607,4219.235
814,8.36236157980755,4282.797
815,8.32288245072008,4117.01
816,8.31695846757131,4092.693
817,8.3025925453527,4034.318
818,8.33657138922061,4173.755
819,8.34503928839377,4209.248
820,8.33346720887797,4160.819
821,8.37090882419905,4319.56
822,8.38134391457239,4364.871
823,8.43509467200912,4605.906
824,8.43152505732634,4589.494
825,8.44829274422946,4667.098
826,8.41534560928684,4515.836
827,8.416436948696,4520.767
828,8.41600020176775,4518.793
829,8.41098987625822,4496.209
830,8.40535417999392,4470.941
831,8.41136145363959,4497.88
832,8.40745242980609,4480.332
833,8.40310514586821,4460.897
834,8.38504780926386,4381.068
835,8.41682132285203,4522.505
836,8.39408749047612,4420.851
837,8.40525665661787,4470.505
838,8.40223453843338,4457.015
839,8.43324598777605,4597.399
840,8.39936595478301,4444.248
841,8.38564474573797,4383.684
842,8.38824306019866,4395.089
843,8.39743147446052,4435.659
844,8.40680829690222,4477.447
845,8.43600526155937,4610.102
846,8.44696341241735,4660.898
847,8.39308152213665,4416.406
848,8.35869909258649,4267.14
849,8.39511255930698,4425.385
850,8.40075375272905,4450.42
851,8.43933413118163,4625.474
852,8.41144615662507,4498.261
853,8.38043167326303,4360.891
854,8.4186754328269,4530.898
855,8.41133143904917,4497.745
856,8.44376492667063,4646.014
857,8.42568079091013,4562.75
858,8.45373845610392,4692.583
859,8.44192790367726,4637.487
860,8.46261556213217,4734.425
861,8.41215373532438,4501.445
862,8.34229632327908,4197.718
863,8.3901974235639,4403.687
864,8.35970488122567,4271.434
865,8.35297917901803,4242.802
866,8.43381440856015,4600.013
867,8.45053081649707,4677.555
868,8.35742717505588,4261.716
869,8.3530402217193,4243.061
870,8.43812617426852,4619.89
871,8.46910507075658,4765.249
872,8.4515105493552,4682.14
873,8.46766444456175,4758.389
874,8.4623990393291,4733.4
875,8.43519301915835,4606.359
876,8.3966917392114,4432.379
877,8.43277408794407,4595.23
878,8.46206159278619,4731.803
879,8.49643624890611,4897.285
880,8.49882614518029,4909.003
881,8.48504761435571,4841.828
882,8.45579256858889,4702.232
883,8.44894282991479,4670.133
884,8.47675653930872,4801.85
885,8.47516401020591,4794.209
886,8.46629308287889,4751.868
887,8.50599573322295,4944.325
888,8.51957415467228,5011.919
889,8.49700619826096,4900.077
890,8.45415008492196,4694.515
891,8.50118168871719,4920.58
892,8.49826497770904,4906.249
893,8.51974433448172,5012.772
894,8.54221160458637,5126.67
895,8.52209655027954,5024.577
896,8.46590831804586,4750.04
897,8.45320705102166,4690.09
898,8.48579560564798,4845.451
899,8.47075126797017,4773.1
900,8.48064455308913,4820.556
901,8.54057157493212,5118.269
902,8.56655766682787,5253.016
903,8.50203488255769,4924.78
904,8.49066993922721,4869.127
905,8.5178965440058,5003.518
906,8.48549610467298,4844
907,8.50932290177666,4960.803
908,8.51753293369729,5001.699
909,8.51841824073681,5006.129
910,8.51845359677158,5006.306
911,8.51502343920546,4989.163
912,8.51835451681678,5005.81
913,8.51048353191085,4966.564
914,8.54345803082467,5133.064
915,8.56569283719881,5248.475
916,8.58002150097531,5324.22
917,8.56795740586568,5260.374
918,8.54533020669852,5142.683
919,8.57765667083817,5311.644
920,8.59070978874233,5381.432
921,8.57574677599716,5301.509
922,8.61484626087358,5512.901
923,8.61567995688937,5517.499
924,8.60630273238623,5466.002
925,8.57652003030011,5305.61
926,8.61309192526138,5503.238
927,8.61293745880909,5502.388
928,8.6395862069901,5650.991
929,8.64132280045802,5660.813
930,8.68588376706651,5918.769
931,8.6613555248106,5775.358
932,8.64000975978697,5653.385
933,8.66617303979302,5803.248
934,8.66637032363454,5804.393
935,8.68267745994718,5899.822
936,8.6982915003475,5992.665
937,8.6970570639101,5985.272
938,8.73131730965746,6193.882
939,8.63729921573289,5638.082
940,8.63461385031098,5622.962
941,8.64008740936437,5653.824
942,8.64067922292236,5657.171
943,8.63300236918513,5613.908
944,8.64839898192325,5701.012
945,8.67038489728921,5827.742
946,8.65262507695949,5725.156
947,8.63889015764376,5647.059
948,8.65053351578838,5713.194
949,8.65662516631464,5748.103
950,8.69016467216805,5944.161
951,8.71595027527287,6099.428
952,8.7224819707318,6139.398
953,8.70337013996042,6023.177
954,8.69579015384556,5977.694
955,8.71256620618826,6078.822
956,8.7320790617369,6198.602
957,8.70191270414769,6014.405
958,8.73873562161987,6240.001
959,8.74582676494209,6284.407
960,8.71315282541595,6082.389
961,8.72843564476779,6176.059
962,8.71330094702949,6083.29
963,8.71917504511644,6119.129
964,8.74166338235483,6258.297
965,8.74414149547031,6273.825
966,8.73700078460441,6229.185
967,8.73351029546815,6207.48
968,8.73139173517043,6194.343
969,8.7532524941568,6331.247
970,8.74865516849311,6302.207
971,8.78022892270711,6504.366
972,8.78735115976519,6550.857
973,8.75429266424553,6337.836
974,8.70985411229101,6062.358
975,8.6738679972412,5848.076
976,8.75282231259317,6328.524
977,8.76050495025286,6377.331
978,8.77998505675714,6502.78
979,8.77986725404517,6502.014
980,8.75684925765551,6354.06
981,8.73387623854232,6209.752
982,8.72241306909472,6138.975
983,8.6909039481183,5948.557
984,8.72425727825385,6150.307
985,8.75060939786919,6314.535
986,8.78198435473477,6515.794
987,8.80614590625995,6675.143
988,8.77819421940667,6491.145
989,8.76883680995253,6430.688
990,8.80572680120717,6672.346
991,8.8238594681121,6794.437
992,8.81840798218312,6757.498
993,8.85150037170781,6984.861
994,8.86778653988509,7099.549
995,8.83798252017464,6891.076
996,8.85244310988232,6991.449
997,8.86174782018793,7056.806
998,8.86209777565365,7059.276
999,8.85720216639858,7024.801
1000,8.82179004888813,6780.391
1001,8.80908548842112,6694.794
1002,8.76186149416241,6385.988
1003,8.78777788309058,6553.653
1004,8.82536059924247,6804.644
1005,8.82383547760999,6794.274
1006,8.83461409844646,6867.903
1007,8.78252075328561,6519.29
1008,8.76411857971499,6400.418
1009,8.77932358238361,6498.48
1010,8.79191494052917,6580.822
1011,8.81535352464859,6736.889
1012,8.82245792887031,6784.921
1013,8.84688190042273,6952.676
1014,8.82373465233664,6793.589
1015,8.80123283828279,6642.428
1016,8.78445712518356,6531.926
1017,8.8035693114833,6657.966
1018,8.83436945237166,6866.223
1019,8.87940279085344,7182.5
1020,8.87440878917535,7146.72
1021,8.87719192543965,7166.638
1022,8.86036720658264,7047.07
1023,8.83309647290137,6857.488
1024,8.83095944436386,6842.849
1025,8.84713414557126,6954.43
1026,8.85376599440905,7000.704
1027,8.8441081884852,6933.418
1028,8.87311799406933,7137.501
1029,8.85780655600449,7029.048
1030,8.81673896108754,6746.229
1031,8.81164613966593,6711.959
1032,8.84379718238663,6931.262
1033,8.84165212786846,6916.41
1034,8.85765830303457,7028.006
1035,8.87206174481352,7129.966
1036,8.84316809474858,6926.903
1037,8.79881876022048,6626.412
1038,8.82711814661162,6816.614
1039,8.8516320764643,6985.781
1040,8.86003609219521,7044.737
1041,8.87696906250689,7165.041
1042,8.90736366394777,7386.163
1043,8.90390678361704,7360.674
1044,8.85725213097855,7025.152
1045,8.80363374350045,6658.395
1046,8.80654686596243,6677.82
1047,8.76070720877569,6378.621
1048,8.77128114768782,6446.426
1049,8.80092221083921,6640.365
1050,8.79647810621665,6610.92
1051,8.79601679321849,6607.871
1052,8.83332612246953,6859.063
1053,8.8462813757585,6948.502
1054,8.88062140063995,7191.258
1055,8.90388355177899,7360.503
1056,8.9060598374039,7376.539
1057,8.889699889158,7256.841
1058,8.89023951008223,7260.758
1059,8.88801578374744,7244.63
1060,8.8952675067843,7297.357
1061,8.88291405735372,7207.764
1062,8.89042143046096,7262.079
1063,8.89747559352454,7313.488
1064,8.88240419927722,7204.09
1065,8.86094586125013,7051.149
1066,8.89394313731851,7287.699
1067,8.91291983422614,7427.316
1068,8.93728060398332,7610.473
1069,8.96610941088613,7833.067
1070,8.95150150598252,7719.474
1071,8.95433705372628,7741.394
1072,8.9227045651208,7500.347
1073,8.92858443855756,7544.578
1074,8.93117605357414,7564.156
1075,8.97778466496657,7925.056
1076,8.95967003622314,7782.789
1077,8.98983122257609,8021.103
1078,8.96058253158351,7789.894
1079,8.95694545240194,7761.613
1080,8.97326129571096,7889.289
1081,8.98079021713353,7948.911
1082,8.97138115984168,7874.47
1083,8.9769253745068,7918.249
1084,9.01375306147167,8215.296
1085,8.97808405020715,7927.429
1086,8.95521209449501,7748.171
1087,8.96898702413706,7855.64
1088,8.96454161864041,7820.796
1089,8.96794888699483,7847.489
1090,8.97608961338525,7911.634
1091,8.9890612066139,8014.929
1092,8.95160358026678,7720.262
1093,8.96611260247891,7833.092
1094,8.97657258278447,7915.456
1095,8.94449702250485,7665.592
1096,8.94250850738795,7650.364
1097,8.98022922826838,7944.453
1098,8.98919157980641,8015.974
1099,9.00171147161521,8116.964
1100,8.98315014389885,7967.692
1101,8.9630517862483,7809.153
1102,8.9621939630756,7802.457
1103,8.9765364502904,7915.17
1104,9.00492278337818,8143.072
1105,9.00092478449412,8110.581
1106,8.96624817193402,7834.154
1107,8.95628931683118,7756.522
1108,8.96156960584197,7797.587
1109,8.97270367558567,7884.891
1110,8.99097255858379,8030.263
1111,8.98762610350691,8003.435
1112,9.00042851935996,8106.557
1113,9.0089110999787,8175.614
1114,8.97436585476074,7898.008
1115,8.96833492324066,7850.519
1116,8.97994710486301,7942.212
1117,8.98650583198427,7994.474
1118,8.98451497773383,7978.574
1119,8.9977780168342,8085.099
1120,8.98083386995922,7949.258
1121,8.95812067692207,7770.74
1122,8.9598820200145,7784.439
1123,8.95184136775634,7722.098
1124,8.94948664607066,7703.936
1125,8.95477086079949,7744.753
1126,8.96594356170827,7831.768
1127,9.02026269408917,8268.949
1128,8.98780938300735,8004.902
1129,8.99853072364062,8091.187
1130,9.01310125966963,8209.943
1131,8.99667290541487,8076.169
1132,9.01582169177995,8232.308
1133,9.02513221295187,8309.313
1134,8.99684450671292,8077.555
1135,8.97089618423148,7870.652
1136,9.00305762052692,8127.898
1137,9.01081239003484,8191.173
1138,9.04040779387754,8437.217
1139,9.01379116040779,8215.609
1140,9.02115442909978,8276.326
1141,9.01900902867852,8258.589
1142,8.98972225406887,8020.229
1143,8.96149894045939,7797.036
1144,8.97006426804166,7864.107
1145,8.97786289479221,7925.676
1146,9.01119455773592,8194.304
1147,9.03617422920484,8401.573
1148,9.03552140027326,8396.09
1149,9.02620392927266,8318.223
1150,9.00780145469613,8166.547
1151,9.0106990909296,8190.245
1152,9.01787198982528,8249.204
1153,9.0257418248061,8314.38
1154,9.04331684139169,8461.797
1155,9.00820668464089,8169.857
1156,8.95960874526202,7782.312
1157,8.94148554933379,7642.542
1158,8.99618716116886,8072.247
1159,9.00786304553863,8167.05
1160,9.01637047592841,8236.827
1161,9.03125437510821,8360.34
1162,9.02680267598464,8323.205
1163,9.03298378927445,8374.811
1164,9.0365594399953,8404.81
1165,9.0281524462532,8334.447
1166,9.0590104932793,8595.641
1167,9.08503663913988,8822.289
1168,9.0979814243216,8937.234
1169,9.05932630117697,8598.356
1170,9.02625441955131,8318.643
1171,9.06535864519869,8650.381
1172,9.07392470955598,8724.799
1173,9.06565766246053,8652.968
1174,9.08388831873407,8812.164
1175,9.09650504634864,8924.049
1176,9.04542539778399,8479.658
1177,9.03195087449472,8366.165
1178,9.08771805837967,8845.977
1179,9.08096615488231,8786.451
1180,9.1170398414733,9109.197
1181,9.10594239293133,9008.667
1182,9.11647135320025,9104.02
1183,9.05273125196634,8541.836
1184,9.05276707500475,8542.142
1185,9.10500596708858,9000.235
1186,9.09440379306883,8905.317
1187,9.10414862204997,8992.522
1188,9.10196542860404,8972.911
1189,9.13061392262105,9233.689
1190,9.08385121024775,8811.837
1191,9.05295693909564,8543.764
1192,9.11553550448009,9095.504
1193,9.13197139616502,9246.232
1194,9.13378324925403,9263
1195,9.15842720129449,9494.113
1196,9.16542396511127,9560.774
1197,9.12503571952147,9182.325
1198,9.08838616155323,8851.889
1199,9.14012614779873,9321.941
1200,9.15715518382253,9482.044
1201,9.1402629125363,9323.216
1202,9.13953918790569,9316.471
1203,9.13199962348144,9246.493
1204,9.09274059452699,8890.518
1205,9.05885412273244,8594.297
1206,9.0984144623192,8941.105
1207,9.09084622320039,8873.692
1208,9.08559767395615,8827.24
1209,9.12140642075181,9149.06
1210,9.1415784381068,9335.489
1211,9.05788347355764,8585.959
1212,9.04666748280533,8490.197
1213,9.11015687683676,9046.714
1214,9.11158024795201,9059.6
1215,9.10875804330599,9034.068
1216,9.11900361765096,9127.103
1217,9.12926468930096,9221.239
1218,9.07669125813707,8748.97
1219,9.08303458853996,8804.644
1220,9.13960916903764,9317.123
1221,9.12437586500868,9176.268
1222,9.12041500799284,9139.994
1223,9.14077033396067,9327.948
1224,9.16468651445136,9553.726
1225,9.12002401227015,9136.421
1226,9.10712056336913,9019.287
1227,9.13683042097216,9291.269
1228,9.13680157627235,9291.001
1229,9.1537483271308,9449.795
1230,9.14646733602089,9381.241
1231,9.15431294186237,9455.132
1232,9.09764882765175,8934.262
1233,9.06742785675445,8668.299
1234,9.14443622546327,9362.206
1235,9.1527379536985,9440.252
1236,9.17304766302776,9633.941
1237,9.16219873746592,9529.988
1238,9.17005948103298,9605.196
1239,9.10620011150407,9010.989
1240,9.09124980687562,8877.274
1241,9.1574433712862,9484.777
1242,9.15023319126401,9416.636
1243,9.15739539852796,9484.322
1244,9.17447814080338,9647.732
1245,9.18466557720277,9746.52
1246,9.14343114961246,9352.801
1247,9.12782252032616,9207.95
1248,9.14939262295978,9408.724
1249,9.15122201517281,9425.952
1250,9.18575501363387,9757.144
1251,9.19499340745519,9847.702
1252,9.19294209590964,9827.522
1253,9.14598743361706,9376.74
1254,9.11657437930099,9104.958
1255,9.17738371857108,9675.805
1256,9.18297482778484,9730.055
1257,9.19058623750421,9804.397
1258,9.20155983564653,9912.579
1259,9.20825319533763,9979.15
1260,9.1755303733047,9657.889
1261,9.18750184700259,9774.203
1262,9.20247209813725,9921.626
1263,9.20233934898734,9920.309
1264,9.2006078643978,9903.147
1265,9.20647501108488,9961.421
1266,9.22451473930979,10142.753
1267,9.19719869719781,9869.443
1268,9.20982493916351,9994.847
1269,9.21148731398666,10011.476
1270,9.22139820813077,10111.192
1271,9.22334247706927,10130.87
1272,9.25098699111908,10414.84
1273,9.24902863571112,10394.464
1274,9.22214452798763,10118.741
1275,9.21035957179187,10000.192
1276,9.22292228667814,10126.614
1277,9.21600241232988,10056.781
1278,9.17967537012139,9698.004
1279,9.18510850901646,9750.838
1280,9.23549941235756,10254.782
1281,9.22600897576412,10157.92
1282,9.21660431247369,10062.836
1283,9.20271416625068,9924.028
1284,9.1953003355184,9850.725
1285,9.21518571432267,10048.571
1286,9.22167074023854,10113.948
1287,9.25251479555184,10430.764
1288,9.22621755970778,10160.039
1289,9.20423607862987,9939.143
1290,9.23289606884127,10228.12
1291,9.25051697427568,10409.946
1292,9.24797945038902,10383.564
1293,9.27826122906097,10702.806
1294,9.26433942250183,10554.836
1295,9.26727357712523,10585.851
1296,9.24899765720299,10394.142
1297,9.24305157880579,10332.521
1298,9.27065030899043,10621.657
1299,9.22249085497603,10122.246
1300,9.23864810068936,10287.122
1301,9.29065421212076,10836.271
1302,9.29408667440648,10873.53
1303,9.26111627754122,10520.871
1304,9.26431905248474,10554.621
1305,9.2698933609757,10613.62
1306,9.30020932054967,10940.309
1307,9.2957227979452,10891.335
1308,9.29952226668703,10932.795
1309,9.33331621276326,11308.571
1310,9.26352221193839,10546.214
1311,9.28395266415803,10763.894
1312,9.28402967793001,10764.723
1313,9.27862947587681,10706.748
1314,9.28943607753858,10823.079
1315,9.30005583961503,10938.63
1316,9.32422176165684,11206.192
1317,9.30147502822091,10954.165
1318,9.29948503855132,10932.388
1319,9.29175223423736,10848.176
1320,9.31146036933164,11064.094
1321,9.34258079415684,11413.827
1322,9.33321044668112,11307.375
1323,9.33533608915057,11331.436
1324,9.31893124440878,11147.062
1325,9.30787026820437,11024.444
1326,9.33642785230462,11343.814
1327,9.32924633247196,11262.64
1328,9.35049415061696,11504.507
1329,9.36520653863882,11675.017
1330,9.35885175222997,11601.06
1331,9.33635891367822,11343.032
1332,9.32926142651004,11262.81
1333,9.32568648519203,11222.618
1334,9.32634119821819,11229.968
1335,9.34174680847978,11404.312
1336,9.34395659850221,11429.541
1337,9.33160657878698,11289.254
1338,9.32350859798171,11198.203
1339,9.29771404999354,10913.044
1340,9.32128962152702,11173.382
1341,9.35381004092577,11542.718
1342,9.33971823813991,11381.201
1343,9.35930410855605,11606.309
1344,9.36015724584646,11616.215
1345,9.32723803803077,11240.044
1346,9.31759295654219,11132.154
1347,9.33539380302971,11332.09
1348,9.34976190859379,11496.086
1349,9.3610073335546,11626.094
1350,9.36585069849339,11682.54
1351,9.38346156828554,11890.102
1352,9.37253124266855,11760.847
1353,9.37801307294913,11825.495
1354,9.37279385933267,11763.936
1355,9.38506497821063,11909.182
1356,9.39461044584382,12023.405
1357,9.41676615691421,12292.765
1358,9.42797091454563,12431.277
1359,9.4146683351108,12267.004
1360,9.4023476206491,12116.793
1361,9.40081567974301,12098.245
1362,9.40695619390273,12172.763
1363,9.40995634778069,12209.338
1364,9.43003397907054,12456.95
1365,9.41503429068396,12271.494
1366,9.40458506483803,12143.934
1367,9.397950834485,12063.635
1368,9.38806186468003,11944.926
1369,9.40677873282313,12170.603
1370,9.41875210090443,12317.202
1371,9.40021309680369,12090.957
1372,9.39719040970511,12054.465
1373,9.37487407545308,11788.433
1374,9.36200854435871,11637.74
1375,9.36745197821689,11701.262
1376,9.38415501402388,11898.35
1377,9.3904220888672,11973.152
1378,9.39647556427596,12045.851
1379,9.3731781806266,11768.458
1380,9.3738342110951,11776.181
1381,9.36460036011478,11667.942
1382,9.34832595495007,11479.59
1383,9.35621152808862,11570.471
1384,9.37671469488444,11810.151
1385,9.38619841855299,11922.688
1386,9.41039345857542,12214.676
1387,9.38234329093361,11876.813
1388,9.39780799834512,12061.912
1389,9.41107052930681,12222.949
1390,9.40445560911517,12142.362
1391,9.41784645287253,12306.052
1392,9.41943603209143,12325.629
1393,9.41615227421146,12285.221
1394,9.40206937301311,12113.422
1395,9.40212963492792,12114.152
1396,9.39616295966971,12042.086
1397,9.4044453968819,12142.238
1398,9.40293011339287,12123.853
1399,9.43029933787677,12460.256
1400,9.43160824530575,12476.576
1401,9.41707076126135,12296.51
1402,9.39190981266838,11990.978
1403,9.40443724349176,12142.139
1404,9.41623464621929,12286.233
1405,9.43720634646864,12546.617
1406,9.4450208759813,12645.047
1407,9.43782114393591,12554.333
1408,9.40664791727262,12169.011
1409,9.41332782713145,12250.571
1410,9.42833243714117,12435.772
1411,9.43645494543001,12537.193
1412,9.44347900561745,12625.565
1413,9.43973903919891,12578.434
1414,9.43319548169512,12496.395
1415,9.42356852782698,12376.67
1416,9.41595795683408,12282.834
1417,9.4335104029398,12500.331
1418,9.42634337011221,12411.061
1419,9.43721009249133,12546.664
1420,9.42479258277619,12391.829
1421,9.43708630690805,12545.111
1422,9.40109105367105,12101.577
1423,9.41410128778531,12260.05
1424,9.46684705270949,12924.074
1425,9.48000744437369,13095.284
1426,9.47129225488687,12981.652
1427,9.48151562847394,13115.049
1428,9.48621048206365,13176.767
1429,9.45527727366422,12775.407
1430,9.45517691957546,12774.125
1431,9.47931367165473,13086.202
1432,9.4962717378351,13310.011
1433,9.50249089601125,13393.046
1434,9.52329939845274,13674.655
1435,9.53043769710832,13772.618
1436,9.51295093297395,13533.873
1437,9.48503469252845,13161.283
1438,9.49433372445794,13284.241
1439,9.51429310637736,13552.05
1440,9.53400182841418,13821.793
1441,9.53989847525673,13903.536
1442,9.53163196346626,13789.076
1443,9.51899541601578,13615.926
1444,9.52379179420191,13681.39
1445,9.50800435894078,13467.092
1446,9.52998909789485,13766.441
1447,9.54114155854761,13920.83
1448,9.55504746603823,14115.764
1449,9.57324656131748,14375.01
1450,9.53830141953986,13881.349
1451,9.54871287337866,14026.629
1452,9.52913746232201,13754.722
1453,9.52596144034566,13711.106
1454,9.54378875564448,13957.73
1455,9.56004517079354,14186.487
1456,9.51252406086613,13528.097
1457,9.52400118082594,13684.255
1458,9.53396883649177,13821.337
1459,9.5512048059042,14061.626
1460,9.5556268629597,14123.945
1461,9.56196902477815,14213.806
1462,9.58346092256049,14522.594
1463,9.55552936419933,14122.568
1464,9.53340020596951,13813.48
1465,9.53859126290187,13885.373
1466,9.54772818932541,14012.824
1467,9.57589910792064,14413.191
1468,9.55870927607403,14167.548
1469,9.57458437815355,14394.254
1470,9.55255402365687,14080.611
1471,9.54893236033537,14029.708
1472,9.55505575460944,14115.881
1473,9.56049296153095,14192.841
1474,9.56444235869754,14249.005
1475,9.57449350443183,14392.946
1476,9.58953918824339,14611.135
1477,9.56935992516925,14319.248
1478,9.55204880433711,14073.499
1479,9.5425282294526,13940.147
1480,9.55138364547197,14064.141
1481,9.56312406480789,14230.233
1482,9.5849793324331,14544.662
1483,9.5971127206569,14722.213
1484,9.58914461675871,14605.371
1485,9.55865252505303,14166.744
1486,9.57766994324754,14438.737
1487,9.57794936078256,14442.772
1488,9.57495056835566,14399.526
1489,9.58671186895797,14569.883
1490,9.6072522048943,14872.248
1491,9.59249836724577,14654.436
1492,9.57199130512042,14356.977
1493,9.57813566500002,14445.463
1494,9.57914592170573,14460.064
1495,9.58233549044479,14506.259
1496,9.60076040168378,14776.013
1497,9.61219282897818,14945.908
1498,9.58396793481224,14529.959
1499,9.57986744238483,14470.501
1500,9.59917360065002,14752.585
1501,9.5820768789691,14502.508
1502,9.58475125024812,14541.345
1503,9.59267454410869,14657.018
1504,9.59222155267537,14650.38
1505,9.5616927059247,14209.879
1506,9.52549878859592,13704.764
1507,9.57172352488391,14353.133
1508,9.5530980281825,14088.273
1509,9.56639987657097,14276.925
1510,9.57268271582209,14366.907
1511,9.58225814152986,14505.137
1512,9.53961404672417,13899.582
1513,9.51577598849218,13572.161
1514,9.5874447565265,14580.565
1515,9.56883986042082,14311.803
1516,9.59016919404088,14620.343
1517,9.58249906162658,14508.632
1518,9.57754866489879,14436.986
1519,9.53014460893286,13768.582
1520,9.51537597218551,13566.733
1521,9.53731103989257,13867.608
1522,9.55305600653524,14087.681
,,13393.046
,,13674.655
,,13772.618
,,13533.873
,,13161.283
,,13284.241
,,13552.05
,,13821.793
,,13903.536
,,13789.076
,,13615.926
,,13681.39
,,13467.092
,,13766.441
,,13920.83
,,14115.764
,,14375.01
,,13881.349
,,14026.629
,,13754.722
,,13711.106
,,13957.73
,,14186.487
,,13528.097
,,13684.255
,,13821.337
,,14061.626
,,14123.945
,,14213.806
,,14522.594
,,14122.568
,,13813.48
,,13885.373
,,14012.824
,,14413.191
,,14167.548
,,14394.254
,,14080.611
,,14029.708
,,14115.881
,,14192.841
,,14249.005
,,14392.946
,,14611.135
,,14319.248
,,14073.499
,,13940.147
,,14064.141
,,14230.233
,,14544.662
,,14722.213
,,14605.371
,,14166.744
,,14438.737
,,14442.772
,,14399.526
,,14569.883
,,14872.248
,,14654.436
,,14356.977
,,14445.463
,,14460.064
,,14506.259
,,14776.013
,,14945.908
,,14529.959
,,14470.501
,,14752.585
,,14502.508
,,14541.345
,,14657.018
,,14650.38
,,14209.879
,,13704.764
,,14353.133
,,14088.273
,,14276.925
,,14366.907
,,14505.137
,,13899.582
,,13572.161
,,14580.565
,,14311.803
,,14620.343
,,14508.632
,,14436.986
,,13768.582
,,13566.733
,,13867.608
,,14087.681
